Date,HomeTeam,AwayTeam,FTHG,FTAG,FTR,HTHG,HTAG,HTR,Referee,HS,AS,HST,AST,HF,AF,HC,AC,HY,AY,HR,AR,AwayWin
2005-08-13,Middlesbrough,Liverpool,0.0,0.0,D,0.0,0.0,D,M Halsey,4.0,16.0,2.0,7.0,17.0,11.0,5.0,0.0,2.0,3.0,1.0,0.0,1
2005-10-09,Tottenham,Liverpool,0.0,0.0,D,0.0,0.0,D,H Webb,10.0,11.0,7.0,6.0,16.0,13.0,4.0,4.0,1.0,1.0,0.0,0.0,1
2005-09-24,Birmingham,Liverpool,2.0,2.0,D,0.0,0.0,D,S Bennett,4.0,14.0,4.0,6.0,14.0,14.0,3.0,7.0,2.0,3.0,1.0,0.0,1
2005-10-22,Fulham,Liverpool,2.0,0.0,H,1.0,0.0,H,M Atkinson,6.0,14.0,3.0,6.0,9.0,14.0,3.0,8.0,0.0,2.0,0.0,0.0,0
2005-05-11,Aston Villa,Liverpool,0.0,2.0,A,0.0,0.0,D,S Bennett,6.0,10.0,2.0,6.0,16.0,11.0,3.0,5.0,2.0,2.0,0.0,0.0,1
2005-11-26,Man City,Liverpool,0.0,1.0,A,0.0,0.0,D,A Wiley,3.0,8.0,1.0,6.0,13.0,13.0,6.0,4.0,0.0,2.0,0.0,0.0,1
2005-11-30,Sunderland,Liverpool,0.0,2.0,A,0.0,2.0,A,P Dowd,8.0,15.0,4.0,11.0,15.0,10.0,3.0,3.0,0.0,2.0,0.0,1.0,1
2005-12-28,Everton,Liverpool,1.0,3.0,A,1.0,2.0,A,G Poll,10.0,12.0,6.0,5.0,23.0,20.0,5.0,2.0,4.0,2.0,2.0,0.0,1
2006-02-01,Bolton,Liverpool,2.0,2.0,D,1.0,0.0,H,M Clattenburg,12.0,15.0,7.0,7.0,16.0,14.0,3.0,5.0,2.0,3.0,0.0,0.0,1
2006-01-22,Man United,Liverpool,1.0,0.0,H,0.0,0.0,D,M Riley,7.0,11.0,4.0,7.0,15.0,17.0,1.0,2.0,2.0,3.0,0.0,0.0,0
2006-05-02,Chelsea,Liverpool,2.0,0.0,H,1.0,0.0,H,A Wiley,10.0,12.0,6.0,2.0,14.0,17.0,5.0,5.0,1.0,2.0,0.0,1.0,0
2006-08-02,Charlton,Liverpool,2.0,0.0,H,2.0,0.0,H,A Marriner,6.0,13.0,2.0,5.0,12.0,13.0,1.0,10.0,2.0,2.0,0.0,0.0,0
2006-11-02,Wigan,Liverpool,0.0,1.0,A,0.0,1.0,A,R Styles,5.0,7.0,1.0,6.0,8.0,3.0,4.0,3.0,2.0,0.0,0.0,0.0,1
2006-12-03,Arsenal,Liverpool,2.0,1.0,H,1.0,0.0,H,S Bennett,11.0,8.0,4.0,3.0,8.0,18.0,5.0,0.0,0.0,2.0,0.0,1.0,0
2006-03-19,Newcastle,Liverpool,1.0,3.0,A,1.0,2.0,A,M Riley,8.0,12.0,4.0,6.0,21.0,18.0,2.0,1.0,2.0,3.0,1.0,0.0,1
2006-01-04,West Brom,Liverpool,0.0,2.0,A,0.0,2.0,A,U Rennie,8.0,13.0,4.0,4.0,11.0,8.0,1.0,4.0,0.0,0.0,0.0,0.0,1
2006-04-16,Blackburn,Liverpool,0.0,1.0,A,0.0,1.0,A,A Wiley,6.0,7.0,3.0,2.0,12.0,11.0,6.0,4.0,3.0,2.0,0.0,0.0,1
2006-04-26,West Ham,Liverpool,1.0,2.0,A,0.0,1.0,A,H Webb,11.0,13.0,7.0,7.0,11.0,7.0,6.0,3.0,0.0,0.0,1.0,1.0,1
2006-07-05,Portsmouth,Liverpool,1.0,3.0,A,0.0,0.0,D,G Poll,6.0,8.0,4.0,4.0,5.0,11.0,5.0,6.0,1.0,0.0,0.0,0.0,1
2006-08-19,Sheffield United,Liverpool,1.0,1.0,D,0.0,0.0,D,R Styles,5.0,12.0,3.0,7.0,10.0,16.0,0.0,12.0,1.0,2.0,0.0,0.0,1
2006-09-09,Everton,Liverpool,3.0,0.0,H,2.0,0.0,H,G Poll,8.0,21.0,6.0,5.0,22.0,13.0,2.0,11.0,1.0,3.0,0.0,0.0,0
2006-09-17,Chelsea,Liverpool,1.0,0.0,H,1.0,0.0,H,M Riley,4.0,9.0,3.0,6.0,13.0,17.0,1.0,3.0,3.0,2.0,1.0,0.0,0
2006-09-30,Bolton,Liverpool,2.0,0.0,H,1.0,0.0,H,P Dowd,4.0,13.0,3.0,6.0,15.0,12.0,1.0,10.0,2.0,1.0,0.0,0.0,0
2006-10-22,Man United,Liverpool,2.0,0.0,H,1.0,0.0,H,G Poll,10.0,13.0,8.0,5.0,14.0,21.0,5.0,5.0,1.0,3.0,0.0,0.0,0
2006-12-11,Arsenal,Liverpool,3.0,0.0,H,1.0,0.0,H,M Clattenburg,7.0,10.0,7.0,4.0,7.0,12.0,2.0,6.0,2.0,3.0,0.0,0.0,0
2006-11-18,Middlesbrough,Liverpool,0.0,0.0,D,0.0,0.0,D,L Mason,1.0,17.0,1.0,10.0,14.0,3.0,2.0,12.0,0.0,0.0,0.0,0.0,1
2006-02-12,Wigan,Liverpool,0.0,4.0,A,0.0,4.0,A,M Riley,15.0,9.0,6.0,6.0,9.0,14.0,8.0,2.0,2.0,2.0,0.0,0.0,1
2006-12-16,Charlton,Liverpool,0.0,3.0,A,0.0,1.0,A,H Webb,7.0,22.0,2.0,10.0,9.0,5.0,2.0,8.0,1.0,1.0,0.0,0.0,1
2006-12-26,Blackburn,Liverpool,1.0,0.0,H,0.0,0.0,D,R Styles,8.0,18.0,4.0,12.0,13.0,6.0,3.0,5.0,3.0,2.0,0.0,0.0,0
2006-12-30,Tottenham,Liverpool,0.0,1.0,A,0.0,1.0,A,M Halsey,9.0,10.0,3.0,5.0,5.0,21.0,2.0,3.0,0.0,0.0,0.0,0.0,1
2007-01-13,Watford,Liverpool,0.0,3.0,A,0.0,2.0,A,M Clattenburg,8.0,22.0,4.0,13.0,9.0,10.0,3.0,12.0,0.0,0.0,0.0,0.0,1
2007-01-30,West Ham,Liverpool,1.0,2.0,A,0.0,0.0,D,M Atkinson,13.0,15.0,6.0,9.0,11.0,8.0,4.0,9.0,1.0,1.0,0.0,0.0,1
2007-10-02,Newcastle,Liverpool,2.0,1.0,H,1.0,1.0,D,M Halsey,7.0,13.0,3.0,9.0,9.0,14.0,3.0,4.0,1.0,1.0,0.0,0.0,0
2007-03-18,Aston Villa,Liverpool,0.0,0.0,D,0.0,0.0,D,L Mason,9.0,7.0,3.0,3.0,11.0,12.0,2.0,6.0,2.0,3.0,0.0,0.0,1
2007-07-04,Reading,Liverpool,1.0,2.0,A,0.0,1.0,A,P Walton,8.0,4.0,4.0,3.0,10.0,16.0,7.0,6.0,2.0,1.0,0.0,0.0,1
2007-04-14,Man City,Liverpool,0.0,0.0,D,0.0,0.0,D,U Rennie,7.0,11.0,1.0,3.0,12.0,15.0,4.0,4.0,1.0,2.0,0.0,0.0,1
2007-04-28,Portsmouth,Liverpool,2.0,1.0,H,2.0,0.0,H,P Walton,9.0,11.0,7.0,4.0,12.0,7.0,7.0,6.0,1.0,1.0,0.0,0.0,0
2007-05-05,Fulham,Liverpool,1.0,0.0,H,0.0,0.0,D,S Bennett,7.0,9.0,5.0,5.0,17.0,15.0,4.0,14.0,2.0,2.0,1.0,0.0,0
2007-11-08,Aston Villa,Liverpool,1.0,2.0,A,0.0,1.0,A,M Riley,10.0,17.0,6.0,7.0,18.0,11.0,4.0,2.0,4.0,2.0,0.0,0.0,1
2007-08-25,Sunderland,Liverpool,0.0,2.0,A,0.0,1.0,A,M Halsey,7.0,17.0,2.0,12.0,12.0,12.0,6.0,4.0,1.0,1.0,0.0,0.0,1
2007-09-15,Portsmouth,Liverpool,0.0,0.0,D,0.0,0.0,D,M Riley,9.0,12.0,2.0,6.0,20.0,14.0,5.0,4.0,3.0,2.0,0.0,0.0,1
2007-09-29,Wigan,Liverpool,0.0,1.0,A,0.0,0.0,D,M Clattenburg,9.0,14.0,3.0,10.0,11.0,10.0,5.0,6.0,2.0,1.0,0.0,0.0,1
2007-10-20,Everton,Liverpool,1.0,2.0,A,1.0,0.0,H,M Clattenburg,6.0,17.0,1.0,7.0,8.0,14.0,9.0,6.0,1.0,2.0,2.0,0.0,1
2007-03-11,Blackburn,Liverpool,0.0,0.0,D,0.0,0.0,D,M Atkinson,15.0,11.0,7.0,7.0,7.0,11.0,6.0,3.0,0.0,1.0,0.0,0.0,1
2007-11-24,Newcastle,Liverpool,0.0,3.0,A,0.0,1.0,A,A Wiley,6.0,17.0,2.0,11.0,13.0,11.0,0.0,8.0,3.0,1.0,0.0,0.0,1
2007-08-12,Reading,Liverpool,3.0,1.0,H,1.0,1.0,D,A Marriner,7.0,15.0,4.0,5.0,10.0,10.0,7.0,7.0,0.0,1.0,0.0,0.0,0
2007-12-26,Derby,Liverpool,1.0,2.0,A,0.0,1.0,A,A Wiley,9.0,22.0,4.0,10.0,9.0,9.0,2.0,7.0,1.0,0.0,0.0,0.0,1
2007-12-30,Man City,Liverpool,0.0,0.0,D,0.0,0.0,D,U Rennie,4.0,19.0,3.0,11.0,4.0,7.0,2.0,9.0,0.0,1.0,0.0,0.0,1
2008-12-01,Middlesbrough,Liverpool,1.0,1.0,D,1.0,0.0,H,A Marriner,8.0,14.0,3.0,7.0,4.0,11.0,3.0,9.0,1.0,1.0,0.0,0.0,1
2008-01-30,West Ham,Liverpool,1.0,0.0,H,0.0,0.0,D,A Wiley,8.0,13.0,2.0,5.0,11.0,19.0,4.0,6.0,0.0,3.0,0.0,0.0,0
2008-10-02,Chelsea,Liverpool,0.0,0.0,D,0.0,0.0,D,M Riley,5.0,10.0,3.0,4.0,14.0,18.0,6.0,4.0,3.0,2.0,0.0,0.0,1
2008-02-03,Bolton,Liverpool,1.0,3.0,A,0.0,1.0,A,P Dowd,7.0,12.0,2.0,9.0,7.0,14.0,3.0,10.0,2.0,1.0,0.0,0.0,1
2008-03-23,Man United,Liverpool,3.0,0.0,H,1.0,0.0,H,S Bennett,22.0,8.0,15.0,4.0,11.0,12.0,2.0,4.0,1.0,3.0,0.0,1.0,0
2008-05-04,Arsenal,Liverpool,1.0,1.0,D,0.0,1.0,A,P Dowd,8.0,11.0,6.0,4.0,10.0,10.0,5.0,3.0,1.0,2.0,0.0,0.0,1
2008-04-19,Fulham,Liverpool,0.0,2.0,A,0.0,1.0,A,M Atkinson,10.0,16.0,6.0,7.0,9.0,10.0,3.0,3.0,1.0,0.0,0.0,0.0,1
2008-04-26,Birmingham,Liverpool,2.0,2.0,D,1.0,0.0,H,P Walton,5.0,12.0,3.0,7.0,6.0,9.0,3.0,5.0,2.0,1.0,0.0,0.0,1
2008-11-05,Tottenham,Liverpool,0.0,2.0,A,0.0,0.0,D,U Rennie,6.0,18.0,3.0,12.0,11.0,9.0,8.0,4.0,1.0,1.0,0.0,0.0,1
2008-08-16,Sunderland,Liverpool,0.0,1.0,A,0.0,0.0,D,A Wiley,6.0,14.0,3.0,8.0,13.0,12.0,1.0,8.0,0.0,2.0,0.0,0.0,1
2008-08-31,Aston Villa,Liverpool,0.0,0.0,D,0.0,0.0,D,M Atkinson,5.0,8.0,2.0,3.0,9.0,13.0,5.0,8.0,0.0,2.0,0.0,0.0,1
2008-09-27,Everton,Liverpool,0.0,2.0,A,0.0,0.0,D,M Riley,4.0,11.0,2.0,6.0,17.0,20.0,7.0,4.0,3.0,3.0,1.0,0.0,1
2008-05-10,Man City,Liverpool,2.0,3.0,A,2.0,0.0,H,P Walton,7.0,14.0,5.0,7.0,11.0,12.0,1.0,7.0,1.0,1.0,1.0,0.0,1
2008-10-26,Chelsea,Liverpool,0.0,1.0,A,0.0,1.0,A,H Webb,14.0,8.0,5.0,3.0,17.0,13.0,4.0,2.0,3.0,3.0,0.0,0.0,1
2008-01-11,Tottenham,Liverpool,2.0,1.0,H,0.0,1.0,A,P Dowd,8.0,14.0,4.0,6.0,18.0,13.0,4.0,4.0,1.0,2.0,0.0,0.0,0
2008-11-15,Bolton,Liverpool,0.0,2.0,A,0.0,1.0,A,R Styles,15.0,15.0,9.0,6.0,7.0,7.0,7.0,3.0,1.0,1.0,0.0,0.0,1
2008-06-12,Blackburn,Liverpool,1.0,3.0,A,0.0,0.0,D,A Marriner,7.0,10.0,3.0,6.0,11.0,9.0,5.0,6.0,2.0,2.0,0.0,0.0,1
2008-12-21,Arsenal,Liverpool,1.0,1.0,D,1.0,1.0,D,H Webb,6.0,10.0,3.0,6.0,14.0,17.0,2.0,1.0,3.0,3.0,1.0,0.0,1
2008-12-28,Newcastle,Liverpool,1.0,5.0,A,1.0,2.0,A,M Halsey,10.0,17.0,7.0,12.0,7.0,11.0,4.0,9.0,2.0,1.0,0.0,0.0,1
2009-10-01,Stoke,Liverpool,0.0,0.0,D,0.0,0.0,D,L Mason,5.0,7.0,0.0,3.0,10.0,10.0,4.0,5.0,2.0,2.0,0.0,0.0,1
2009-01-28,Wigan,Liverpool,1.0,1.0,D,0.0,1.0,A,P Dowd,3.0,10.0,1.0,5.0,12.0,17.0,2.0,2.0,1.0,0.0,0.0,0.0,1
2009-07-02,Portsmouth,Liverpool,2.0,3.0,A,0.0,0.0,D,H Webb,9.0,14.0,7.0,9.0,10.0,9.0,2.0,4.0,1.0,0.0,0.0,0.0,1
2009-02-28,Middlesbrough,Liverpool,2.0,0.0,H,1.0,0.0,H,R Styles,5.0,16.0,3.0,7.0,2.0,6.0,2.0,9.0,2.0,0.0,0.0,0.0,0
2009-03-14,Man United,Liverpool,1.0,4.0,A,1.0,2.0,A,A Wiley,14.0,9.0,9.0,6.0,14.0,15.0,10.0,3.0,2.0,3.0,1.0,0.0,1
2009-04-04,Fulham,Liverpool,0.0,1.0,A,0.0,0.0,D,S Bennett,3.0,19.0,1.0,10.0,8.0,10.0,3.0,6.0,2.0,2.0,0.0,0.0,1
2009-04-25,Hull,Liverpool,1.0,3.0,A,0.0,1.0,A,M Atkinson,7.0,21.0,5.0,8.0,15.0,14.0,3.0,8.0,3.0,1.0,1.0,0.0,1
2009-09-05,West Ham,Liverpool,0.0,3.0,A,0.0,2.0,A,A Wiley,8.0,16.0,3.0,9.0,10.0,17.0,2.0,4.0,3.0,2.0,0.0,0.0,1
2009-05-17,West Brom,Liverpool,0.0,2.0,A,0.0,1.0,A,M Atkinson,12.0,16.0,7.0,10.0,13.0,4.0,11.0,5.0,2.0,0.0,0.0,0.0,1
2009-08-16,Tottenham,Liverpool,2.0,1.0,H,1.0,0.0,H,P Dowd,17.0,6.0,11.0,3.0,14.0,16.0,6.0,5.0,3.0,3.0,0.0,0.0,0
2009-08-29,Bolton,Liverpool,2.0,3.0,A,1.0,1.0,D,A Wiley,8.0,26.0,5.0,14.0,14.0,7.0,5.0,11.0,3.0,1.0,1.0,0.0,1
2009-09-19,West Ham,Liverpool,2.0,3.0,A,2.0,2.0,D,A Marriner,8.0,19.0,5.0,15.0,13.0,17.0,4.0,4.0,3.0,3.0,0.0,0.0,1
2009-04-10,Chelsea,Liverpool,2.0,0.0,H,0.0,0.0,D,M Atkinson,12.0,12.0,8.0,3.0,14.0,17.0,5.0,8.0,1.0,1.0,0.0,0.0,0
2009-10-17,Sunderland,Liverpool,1.0,0.0,H,1.0,0.0,H,M Jones,13.0,15.0,7.0,6.0,20.0,17.0,1.0,7.0,2.0,1.0,0.0,0.0,0
2009-10-31,Fulham,Liverpool,3.0,1.0,H,1.0,1.0,D,L Mason,10.0,6.0,6.0,3.0,10.0,13.0,2.0,2.0,1.0,0.0,0.0,2.0,0
2009-11-29,Everton,Liverpool,0.0,2.0,A,0.0,1.0,A,A Wiley,12.0,9.0,8.0,7.0,15.0,12.0,6.0,4.0,1.0,0.0,0.0,0.0,1
2009-05-12,Blackburn,Liverpool,0.0,0.0,D,0.0,0.0,D,M Atkinson,9.0,15.0,3.0,11.0,15.0,9.0,1.0,8.0,1.0,0.0,0.0,0.0,1
2009-12-19,Portsmouth,Liverpool,2.0,0.0,H,1.0,0.0,H,L Mason,14.0,7.0,6.0,3.0,7.0,12.0,8.0,10.0,3.0,3.0,0.0,1.0,0
2009-12-29,Aston Villa,Liverpool,0.0,1.0,A,0.0,0.0,D,L Probert,11.0,12.0,7.0,9.0,13.0,11.0,8.0,10.0,1.0,1.0,0.0,0.0,1
2010-01-16,Stoke,Liverpool,1.0,1.0,D,0.0,0.0,D,L Mason,6.0,4.0,5.0,3.0,14.0,10.0,10.0,0.0,1.0,2.0,0.0,0.0,1
2010-01-26,Wolves,Liverpool,0.0,0.0,D,0.0,0.0,D,P Walton,6.0,6.0,4.0,3.0,10.0,11.0,0.0,7.0,0.0,1.0,0.0,0.0,1
2010-10-02,Arsenal,Liverpool,1.0,0.0,H,0.0,0.0,D,H Webb,11.0,9.0,6.0,7.0,19.0,13.0,3.0,6.0,3.0,2.0,0.0,0.0,0
2010-02-21,Man City,Liverpool,0.0,0.0,D,0.0,0.0,D,P Walton,4.0,6.0,1.0,2.0,7.0,15.0,8.0,5.0,1.0,6.0,0.0,0.0,1
2010-08-03,Wigan,Liverpool,1.0,0.0,H,1.0,0.0,H,A Marriner,12.0,11.0,4.0,3.0,15.0,14.0,4.0,7.0,1.0,5.0,0.0,0.0,0
2010-03-21,Man United,Liverpool,2.0,1.0,H,1.0,1.0,D,H Webb,10.0,4.0,5.0,2.0,10.0,15.0,1.0,2.0,2.0,3.0,0.0,0.0,0
2010-04-04,Birmingham,Liverpool,1.0,1.0,D,0.0,0.0,D,M Atkinson,8.0,16.0,3.0,8.0,14.0,9.0,5.0,4.0,2.0,1.0,0.0,0.0,1
2010-04-25,Burnley,Liverpool,0.0,4.0,A,0.0,0.0,D,P Dowd,12.0,12.0,6.0,10.0,13.0,11.0,4.0,5.0,2.0,1.0,0.0,0.0,1
2010-09-05,Hull,Liverpool,0.0,0.0,D,0.0,0.0,D,A Marriner,11.0,19.0,6.0,7.0,15.0,11.0,2.0,6.0,1.0,0.0,0.0,0.0,1
2010-08-23,Man City,Liverpool,3.0,0.0,H,1.0,0.0,H,P Dowd,8.0,13.0,3.0,7.0,13.0,12.0,5.0,4.0,1.0,1.0,0.0,0.0,0
2010-12-09,Birmingham,Liverpool,0.0,0.0,D,0.0,0.0,D,M Halsey,15.0,14.0,3.0,8.0,8.0,9.0,4.0,3.0,1.0,0.0,0.0,0.0,1
2010-09-19,Man United,Liverpool,3.0,2.0,H,1.0,0.0,H,H Webb,16.0,7.0,7.0,1.0,15.0,10.0,6.0,1.0,4.0,1.0,0.0,0.0,0
2010-10-17,Everton,Liverpool,2.0,0.0,H,1.0,0.0,H,H Webb,9.0,15.0,6.0,9.0,10.0,9.0,8.0,7.0,2.0,2.0,0.0,0.0,0
2010-10-31,Bolton,Liverpool,0.0,1.0,A,0.0,0.0,D,M Atkinson,14.0,10.0,10.0,4.0,15.0,13.0,1.0,4.0,2.0,2.0,0.0,0.0,1
2010-10-11,Wigan,Liverpool,1.0,1.0,D,0.0,1.0,A,P Walton,10.0,8.0,8.0,3.0,7.0,10.0,5.0,4.0,0.0,2.0,0.0,0.0,1
2010-11-13,Stoke,Liverpool,2.0,0.0,H,0.0,0.0,D,M Halsey,14.0,10.0,7.0,6.0,14.0,10.0,4.0,3.0,2.0,3.0,0.0,1.0,0
2010-11-28,Tottenham,Liverpool,2.0,1.0,H,0.0,1.0,A,M Atkinson,20.0,12.0,13.0,8.0,6.0,16.0,5.0,8.0,0.0,5.0,0.0,0.0,0
2010-11-12,Newcastle,Liverpool,3.0,1.0,H,1.0,0.0,H,L Mason,8.0,16.0,5.0,7.0,19.0,13.0,2.0,5.0,2.0,1.0,0.0,0.0,0
2011-05-01,Blackburn,Liverpool,3.0,1.0,H,2.0,0.0,H,A Marriner,10.0,13.0,4.0,9.0,14.0,13.0,0.0,7.0,1.0,1.0,0.0,0.0,0
2011-12-01,Blackpool,Liverpool,2.0,1.0,H,1.0,1.0,D,M Oliver,13.0,10.0,9.0,6.0,6.0,13.0,3.0,3.0,1.0,3.0,0.0,0.0,0
2011-01-22,Wolves,Liverpool,0.0,3.0,A,0.0,1.0,A,M Atkinson,11.0,15.0,4.0,10.0,6.0,17.0,5.0,4.0,0.0,3.0,0.0,0.0,1
2011-06-02,Chelsea,Liverpool,0.0,1.0,A,0.0,0.0,D,A Marriner,14.0,7.0,4.0,4.0,9.0,9.0,4.0,3.0,1.0,1.0,0.0,0.0,1
2011-02-27,West Ham,Liverpool,3.0,1.0,H,2.0,0.0,H,M Halsey,17.0,12.0,11.0,8.0,10.0,8.0,6.0,8.0,0.0,1.0,0.0,0.0,0
2011-03-20,Sunderland,Liverpool,0.0,2.0,A,0.0,1.0,A,K Friend,3.0,10.0,1.0,4.0,11.0,7.0,3.0,6.0,3.0,3.0,1.0,0.0,1
2011-02-04,West Brom,Liverpool,2.0,1.0,H,0.0,0.0,D,M Atkinson,17.0,13.0,14.0,9.0,10.0,15.0,0.0,5.0,2.0,3.0,0.0,0.0,0
2011-04-17,Arsenal,Liverpool,1.0,1.0,D,0.0,0.0,D,A Marriner,12.0,9.0,6.0,5.0,13.0,13.0,10.0,3.0,2.0,4.0,0.0,0.0,1
2011-09-05,Fulham,Liverpool,2.0,5.0,A,0.0,3.0,A,L Mason,10.0,16.0,7.0,11.0,18.0,11.0,6.0,5.0,5.0,2.0,0.0,0.0,1
2011-05-22,Aston Villa,Liverpool,1.0,0.0,H,1.0,0.0,H,L Probert,10.0,9.0,8.0,4.0,12.0,12.0,4.0,5.0,2.0,2.0,0.0,0.0,0
2011-08-20,Arsenal,Liverpool,0.0,2.0,A,0.0,0.0,D,M Atkinson,10.0,13.0,6.0,8.0,11.0,6.0,9.0,5.0,2.0,2.0,1.0,0.0,1
2011-10-09,Stoke,Liverpool,1.0,0.0,H,1.0,0.0,H,M Clattenburg,3.0,20.0,1.0,11.0,12.0,13.0,2.0,12.0,0.0,1.0,0.0,0.0,0
2011-09-18,Tottenham,Liverpool,4.0,0.0,H,1.0,0.0,H,M Jones,24.0,5.0,16.0,2.0,10.0,9.0,4.0,1.0,1.0,4.0,0.0,2.0,0
2011-01-10,Everton,Liverpool,0.0,2.0,A,0.0,0.0,D,M Atkinson,12.0,15.0,4.0,9.0,15.0,9.0,5.0,9.0,1.0,1.0,1.0,0.0,1
2011-10-29,West Brom,Liverpool,0.0,2.0,A,0.0,2.0,A,L Mason,10.0,17.0,6.0,7.0,12.0,9.0,3.0,10.0,1.0,0.0,0.0,0.0,1
2011-11-20,Chelsea,Liverpool,1.0,2.0,A,0.0,1.0,A,L Probert,18.0,9.0,5.0,3.0,13.0,11.0,6.0,5.0,3.0,2.0,0.0,0.0,1
2011-05-12,Fulham,Liverpool,1.0,0.0,H,0.0,0.0,D,K Friend,19.0,17.0,13.0,9.0,12.0,9.0,2.0,10.0,3.0,1.0,0.0,1.0,0
2011-12-18,Aston Villa,Liverpool,0.0,2.0,A,0.0,2.0,A,P Walton,16.0,19.0,8.0,12.0,5.0,14.0,4.0,10.0,1.0,2.0,0.0,0.0,1
2011-12-21,Wigan,Liverpool,0.0,0.0,D,0.0,0.0,D,M Oliver,15.0,18.0,10.0,10.0,16.0,12.0,7.0,14.0,1.0,2.0,0.0,0.0,1
2012-03-01,Man City,Liverpool,3.0,0.0,H,2.0,0.0,H,M Jones,10.0,18.0,8.0,10.0,13.0,7.0,5.0,6.0,1.0,2.0,1.0,0.0,0
2012-01-21,Bolton,Liverpool,3.0,1.0,H,2.0,1.0,H,K Friend,15.0,11.0,8.0,8.0,10.0,13.0,5.0,5.0,0.0,2.0,0.0,0.0,0
2012-01-31,Wolves,Liverpool,0.0,3.0,A,0.0,0.0,D,A Taylor,5.0,23.0,1.0,14.0,6.0,8.0,5.0,4.0,1.0,3.0,0.0,0.0,1
2012-11-02,Man United,Liverpool,2.0,1.0,H,0.0,0.0,D,P Dowd,11.0,9.0,6.0,6.0,10.0,11.0,4.0,3.0,1.0,1.0,0.0,0.0,0
2012-10-03,Sunderland,Liverpool,1.0,0.0,H,0.0,0.0,D,A Taylor,6.0,9.0,1.0,5.0,13.0,15.0,3.0,2.0,1.0,1.0,0.0,0.0,0
2012-03-21,QPR,Liverpool,3.0,2.0,H,0.0,0.0,D,H Webb,10.0,18.0,5.0,11.0,8.0,6.0,7.0,17.0,0.0,0.0,0.0,0.0,0
2012-01-04,Newcastle,Liverpool,2.0,0.0,H,1.0,0.0,H,M Atkinson,11.0,9.0,7.0,6.0,10.0,11.0,3.0,6.0,3.0,3.0,0.0,1.0,0
2012-10-04,Blackburn,Liverpool,2.0,3.0,A,1.0,2.0,A,A Taylor,10.0,16.0,4.0,12.0,16.0,12.0,4.0,4.0,4.0,5.0,0.0,1.0,1
2012-04-28,Norwich,Liverpool,0.0,3.0,A,0.0,2.0,A,M Halsey,8.0,15.0,3.0,9.0,9.0,4.0,5.0,7.0,4.0,0.0,0.0,0.0,1
2012-05-13,Swansea,Liverpool,1.0,0.0,H,0.0,0.0,D,M Halsey,13.0,14.0,8.0,9.0,5.0,5.0,6.0,5.0,1.0,1.0,0.0,0.0,0
2012-08-18,West Brom,Liverpool,3.0,0.0,H,1.0,0.0,H,P Dowd,15.0,14.0,10.0,7.0,10.0,11.0,7.0,3.0,1.0,4.0,0.0,1.0,0
2012-09-15,Sunderland,Liverpool,1.0,1.0,D,1.0,0.0,H,M Atkinson,6.0,20.0,4.0,9.0,18.0,10.0,2.0,7.0,1.0,2.0,0.0,0.0,1
2012-09-29,Norwich,Liverpool,2.0,5.0,A,0.0,2.0,A,M Jones,10.0,10.0,7.0,6.0,5.0,2.0,5.0,5.0,1.0,0.0,0.0,0.0,1
2012-10-28,Everton,Liverpool,2.0,2.0,D,2.0,2.0,D,A Marriner,17.0,12.0,8.0,5.0,16.0,18.0,9.0,5.0,4.0,3.0,0.0,0.0,1
2012-11-11,Chelsea,Liverpool,1.0,1.0,D,1.0,0.0,H,H Webb,12.0,9.0,3.0,5.0,12.0,13.0,4.0,7.0,1.0,3.0,0.0,0.0,1
2012-11-25,Swansea,Liverpool,0.0,0.0,D,0.0,0.0,D,J Moss,17.0,21.0,8.0,14.0,6.0,10.0,7.0,6.0,1.0,0.0,0.0,0.0,1
2012-11-28,Tottenham,Liverpool,2.0,1.0,H,2.0,0.0,H,P Dowd,14.0,14.0,7.0,9.0,4.0,14.0,1.0,12.0,1.0,2.0,0.0,0.0,0
2012-09-12,West Ham,Liverpool,2.0,3.0,A,2.0,1.0,H,L Probert,9.0,16.0,6.0,8.0,12.0,10.0,2.0,5.0,1.0,2.0,0.0,0.0,1
2012-12-26,Stoke,Liverpool,3.0,1.0,H,2.0,1.0,H,H Webb,7.0,12.0,6.0,6.0,11.0,5.0,6.0,8.0,3.0,1.0,0.0,0.0,0
2012-12-30,QPR,Liverpool,0.0,3.0,A,0.0,3.0,A,A Taylor,14.0,16.0,7.0,11.0,10.0,8.0,1.0,9.0,2.0,1.0,0.0,0.0,1
2013-01-13,Man United,Liverpool,2.0,1.0,H,1.0,0.0,H,H Webb,15.0,12.0,10.0,5.0,14.0,16.0,3.0,1.0,1.0,4.0,0.0,0.0,0
2013-01-30,Arsenal,Liverpool,2.0,2.0,D,0.0,1.0,A,K Friend,14.0,10.0,6.0,5.0,9.0,11.0,8.0,6.0,3.0,1.0,0.0,0.0,1
2013-03-02,Man City,Liverpool,2.0,2.0,D,1.0,1.0,D,A Taylor,9.0,21.0,5.0,12.0,14.0,7.0,9.0,10.0,2.0,4.0,0.0,0.0,1
2013-02-03,Wigan,Liverpool,0.0,4.0,A,0.0,3.0,A,M Atkinson,15.0,8.0,11.0,7.0,11.0,15.0,4.0,3.0,2.0,2.0,0.0,0.0,1
2013-03-16,Southampton,Liverpool,3.0,1.0,H,2.0,1.0,H,P Dowd,17.0,8.0,12.0,6.0,10.0,10.0,7.0,5.0,0.0,1.0,0.0,0.0,0
2013-03-31,Aston Villa,Liverpool,1.0,2.0,A,1.0,0.0,H,L Mason,10.0,16.0,7.0,12.0,9.0,8.0,7.0,8.0,1.0,1.0,0.0,0.0,1
2013-04-13,Reading,Liverpool,0.0,0.0,D,0.0,0.0,D,M Clattenburg,7.0,26.0,5.0,15.0,9.0,8.0,4.0,9.0,2.0,1.0,0.0,0.0,1
2013-04-27,Newcastle,Liverpool,0.0,6.0,A,0.0,2.0,A,A Marriner,5.0,11.0,1.0,10.0,14.0,7.0,5.0,7.0,3.0,2.0,1.0,0.0,1
2013-12-05,Fulham,Liverpool,1.0,3.0,A,1.0,1.0,D,M Halsey,10.0,20.0,8.0,14.0,2.0,10.0,7.0,8.0,0.0,1.0,0.0,0.0,1
2013-08-24,Aston Villa,Liverpool,0.0,1.0,A,0.0,1.0,A,M Clattenburg,17.0,5.0,3.0,1.0,9.0,8.0,8.0,2.0,3.0,3.0,0.0,0.0,1
2013-09-16,Swansea,Liverpool,2.0,2.0,D,1.0,2.0,A,M Oliver,17.0,12.0,8.0,5.0,7.0,10.0,3.0,7.0,2.0,3.0,0.0,0.0,1
2013-09-29,Sunderland,Liverpool,1.0,3.0,A,0.0,2.0,A,H Webb,23.0,15.0,5.0,6.0,8.0,10.0,10.0,8.0,2.0,1.0,0.0,0.0,1
2013-10-19,Newcastle,Liverpool,2.0,2.0,D,1.0,1.0,D,A Marriner,14.0,23.0,4.0,7.0,8.0,10.0,3.0,13.0,2.0,3.0,1.0,0.0,1
2013-02-11,Arsenal,Liverpool,2.0,0.0,H,1.0,0.0,H,M Atkinson,12.0,12.0,7.0,4.0,11.0,7.0,3.0,5.0,2.0,1.0,0.0,0.0,0
2013-11-23,Everton,Liverpool,3.0,3.0,D,1.0,2.0,A,P Dowd,18.0,11.0,12.0,5.0,16.0,15.0,6.0,7.0,4.0,3.0,0.0,0.0,1
2013-01-12,Hull,Liverpool,3.0,1.0,H,1.0,1.0,D,H Webb,12.0,9.0,4.0,4.0,10.0,16.0,2.0,6.0,2.0,0.0,0.0,0.0,0
2013-12-15,Tottenham,Liverpool,0.0,5.0,A,0.0,2.0,A,J Moss,9.0,21.0,0.0,10.0,17.0,15.0,2.0,9.0,3.0,0.0,1.0,0.0,1
2013-12-26,Man City,Liverpool,2.0,1.0,H,2.0,1.0,H,L Mason,20.0,12.0,6.0,5.0,10.0,9.0,7.0,6.0,1.0,3.0,0.0,0.0,0
2013-12-29,Chelsea,Liverpool,2.0,1.0,H,2.0,1.0,H,H Webb,11.0,8.0,5.0,4.0,17.0,17.0,4.0,2.0,4.0,1.0,0.0,0.0,0
2014-12-01,Stoke,Liverpool,3.0,5.0,A,2.0,2.0,D,A Taylor,13.0,13.0,4.0,9.0,10.0,8.0,11.0,2.0,1.0,1.0,0.0,0.0,1
2014-02-02,West Brom,Liverpool,1.0,1.0,D,0.0,1.0,A,K Friend,12.0,12.0,4.0,3.0,13.0,15.0,3.0,4.0,4.0,2.0,0.0,0.0,1
2014-12-02,Fulham,Liverpool,2.0,3.0,A,1.0,1.0,D,P Dowd,10.0,21.0,3.0,7.0,7.0,9.0,7.0,5.0,4.0,3.0,0.0,0.0,1
2014-01-03,Southampton,Liverpool,0.0,3.0,A,0.0,1.0,A,L Probert,13.0,12.0,2.0,5.0,10.0,6.0,3.0,6.0,1.0,2.0,0.0,0.0,1
2014-03-16,Man United,Liverpool,0.0,3.0,A,0.0,1.0,A,M Clattenburg,13.0,17.0,1.0,7.0,13.0,12.0,3.0,4.0,1.0,4.0,1.0,0.0,1
2014-03-22,Cardiff,Liverpool,3.0,6.0,A,2.0,2.0,D,N Swarbrick,9.0,19.0,3.0,9.0,14.0,11.0,4.0,6.0,2.0,3.0,0.0,0.0,1
2014-06-04,West Ham,Liverpool,1.0,2.0,A,1.0,1.0,D,A Taylor,11.0,17.0,1.0,8.0,10.0,9.0,4.0,4.0,4.0,0.0,0.0,0.0,1
2014-04-20,Norwich,Liverpool,2.0,3.0,A,0.0,2.0,A,A Marriner,13.0,14.0,5.0,6.0,16.0,10.0,8.0,3.0,3.0,2.0,0.0,0.0,1
2014-05-05,Crystal Palace,Liverpool,3.0,3.0,D,0.0,1.0,A,M Clattenburg,10.0,26.0,6.0,9.0,7.0,12.0,7.0,7.0,2.0,3.0,0.0,0.0,1
2014-08-25,Man City,Liverpool,3.0,1.0,H,1.0,0.0,H,M Oliver,9.0,11.0,4.0,3.0,13.0,7.0,6.0,7.0,1.0,1.0,0.0,0.0,0
2014-08-31,Tottenham,Liverpool,0.0,3.0,A,0.0,1.0,A,P Dowd,7.0,17.0,1.0,8.0,14.0,11.0,7.0,3.0,0.0,4.0,0.0,0.0,1
2014-09-20,West Ham,Liverpool,3.0,1.0,H,2.0,1.0,H,C Pawson,13.0,11.0,7.0,5.0,16.0,11.0,7.0,5.0,4.0,1.0,0.0,0.0,0
2014-10-19,QPR,Liverpool,2.0,3.0,A,0.0,0.0,D,P Dowd,15.0,15.0,6.0,5.0,10.0,15.0,7.0,2.0,2.0,3.0,0.0,0.0,1
2014-01-11,Newcastle,Liverpool,1.0,0.0,H,0.0,0.0,D,A Marriner,14.0,6.0,3.0,3.0,13.0,8.0,7.0,2.0,4.0,3.0,0.0,0.0,0
2014-11-23,Crystal Palace,Liverpool,3.0,1.0,H,1.0,1.0,D,J Moss,15.0,12.0,5.0,1.0,21.0,10.0,4.0,3.0,1.0,2.0,0.0,0.0,0
2014-02-12,Leicester,Liverpool,1.0,3.0,A,1.0,1.0,D,L Mason,20.0,11.0,4.0,3.0,11.0,10.0,7.0,4.0,1.0,2.0,1.0,0.0,1
2014-12-14,Man United,Liverpool,3.0,0.0,H,2.0,0.0,H,M Atkinson,11.0,19.0,6.0,9.0,13.0,14.0,2.0,7.0,4.0,3.0,0.0,0.0,0
2014-12-26,Burnley,Liverpool,0.0,1.0,A,0.0,0.0,D,A Taylor,16.0,10.0,0.0,3.0,7.0,5.0,8.0,2.0,0.0,1.0,0.0,0.0,1
2015-10-01,Sunderland,Liverpool,0.0,1.0,A,0.0,1.0,A,C Pawson,5.0,21.0,1.0,4.0,12.0,11.0,6.0,6.0,1.0,4.0,1.0,0.0,1
2015-01-17,Aston Villa,Liverpool,0.0,2.0,A,0.0,1.0,A,M Clattenburg,15.0,12.0,4.0,5.0,13.0,11.0,9.0,5.0,1.0,1.0,0.0,0.0,1
2015-07-02,Everton,Liverpool,0.0,0.0,D,0.0,0.0,D,A Taylor,6.0,17.0,1.0,6.0,11.0,7.0,3.0,6.0,4.0,1.0,0.0,0.0,1
2015-02-22,Southampton,Liverpool,0.0,2.0,A,0.0,1.0,A,K Friend,13.0,6.0,5.0,4.0,11.0,14.0,6.0,1.0,2.0,3.0,0.0,0.0,1
2015-03-16,Swansea,Liverpool,0.0,1.0,A,0.0,0.0,D,R East,10.0,16.0,3.0,5.0,13.0,16.0,4.0,5.0,0.0,3.0,0.0,0.0,1
2015-04-04,Arsenal,Liverpool,4.0,1.0,H,3.0,0.0,H,A Taylor,16.0,13.0,10.0,2.0,7.0,9.0,6.0,5.0,1.0,0.0,0.0,1.0,0
2015-04-25,West Brom,Liverpool,0.0,0.0,D,0.0,0.0,D,R East,10.0,22.0,4.0,5.0,12.0,11.0,2.0,4.0,1.0,0.0,0.0,0.0,1
2015-04-28,Hull,Liverpool,1.0,0.0,H,1.0,0.0,H,L Probert,7.0,12.0,4.0,9.0,10.0,10.0,7.0,7.0,2.0,0.0,0.0,0.0,0
2015-10-05,Chelsea,Liverpool,1.0,1.0,D,1.0,1.0,D,A Marriner,8.0,15.0,3.0,4.0,13.0,11.0,6.0,4.0,4.0,3.0,0.0,0.0,1
2015-05-24,Stoke,Liverpool,6.0,1.0,H,5.0,0.0,H,A Taylor,15.0,13.0,9.0,4.0,13.0,4.0,3.0,9.0,4.0,2.0,0.0,0.0,0
2015-09-08,Stoke,Liverpool,0.0,1.0,A,0.0,0.0,D,A Taylor,7.0,8.0,1.0,3.0,9.0,16.0,3.0,5.0,2.0,4.0,0.0,0.0,1
2015-08-24,Arsenal,Liverpool,0.0,0.0,D,0.0,0.0,D,M Oliver,19.0,15.0,5.0,8.0,2.0,13.0,7.0,8.0,1.0,4.0,0.0,0.0,1
2015-12-09,Man United,Liverpool,3.0,1.0,H,0.0,0.0,D,M Oliver,9.0,8.0,3.0,4.0,6.0,11.0,4.0,4.0,1.0,2.0,0.0,0.0,0
2015-04-10,Everton,Liverpool,1.0,1.0,D,1.0,1.0,D,M Atkinson,14.0,13.0,4.0,4.0,10.0,19.0,5.0,11.0,3.0,3.0,0.0,0.0,1
2015-10-17,Tottenham,Liverpool,0.0,0.0,D,0.0,0.0,D,C Pawson,13.0,12.0,4.0,3.0,15.0,11.0,8.0,6.0,1.0,2.0,0.0,0.0,1
2015-10-31,Chelsea,Liverpool,1.0,3.0,A,1.0,1.0,D,M Clattenburg,8.0,16.0,2.0,7.0,9.0,21.0,1.0,7.0,1.0,4.0,0.0,0.0,1
2015-11-21,Man City,Liverpool,1.0,4.0,A,1.0,3.0,A,J Moss,11.0,14.0,3.0,9.0,5.0,13.0,11.0,5.0,0.0,3.0,0.0,0.0,1
2015-06-12,Newcastle,Liverpool,2.0,0.0,H,0.0,0.0,D,A Marriner,6.0,10.0,1.0,1.0,6.0,10.0,2.0,7.0,3.0,1.0,0.0,0.0,0
2015-12-20,Watford,Liverpool,3.0,0.0,H,2.0,0.0,H,M Clattenburg,6.0,12.0,5.0,4.0,6.0,9.0,7.0,9.0,1.0,0.0,0.0,0.0,0
2015-12-30,Sunderland,Liverpool,0.0,1.0,A,0.0,0.0,D,K Friend,8.0,17.0,3.0,6.0,8.0,16.0,6.0,4.0,1.0,3.0,0.0,0.0,1
2016-02-01,West Ham,Liverpool,2.0,0.0,H,1.0,0.0,H,R Madley,18.0,23.0,10.0,2.0,11.0,8.0,3.0,9.0,1.0,1.0,0.0,0.0,0
2016-01-23,Norwich,Liverpool,4.0,5.0,A,2.0,1.0,H,L Mason,6.0,13.0,5.0,7.0,10.0,14.0,3.0,3.0,0.0,1.0,0.0,0.0,1
2016-02-02,Leicester,Liverpool,2.0,0.0,H,0.0,0.0,D,A Marriner,13.0,14.0,6.0,2.0,6.0,7.0,3.0,12.0,0.0,1.0,0.0,0.0,0
2016-02-14,Aston Villa,Liverpool,0.0,6.0,A,0.0,2.0,A,N Swarbrick,6.0,11.0,1.0,9.0,10.0,9.0,0.0,6.0,3.0,1.0,0.0,0.0,1
2016-06-03,Crystal Palace,Liverpool,1.0,2.0,A,0.0,0.0,D,A Marriner,14.0,19.0,4.0,5.0,12.0,16.0,6.0,6.0,1.0,2.0,0.0,1.0,1
2016-03-20,Southampton,Liverpool,3.0,2.0,H,0.0,2.0,A,R East,16.0,18.0,5.0,9.0,10.0,13.0,3.0,5.0,1.0,3.0,0.0,0.0,0
2016-04-17,Bournemouth,Liverpool,1.0,2.0,A,0.0,2.0,A,M Jones,18.0,19.0,5.0,6.0,9.0,9.0,5.0,4.0,0.0,0.0,0.0,0.0,1
2016-01-05,Swansea,Liverpool,3.0,1.0,H,2.0,0.0,H,R East,18.0,11.0,9.0,3.0,12.0,13.0,4.0,7.0,2.0,2.0,0.0,1.0,0
2016-05-15,West Brom,Liverpool,1.0,1.0,D,1.0,1.0,D,R Madley,13.0,7.0,1.0,3.0,11.0,14.0,7.0,5.0,3.0,1.0,0.0,0.0,1
2016-08-14,Arsenal,Liverpool,3.0,4.0,A,1.0,1.0,D,M Oliver,9.0,16.0,5.0,7.0,13.0,17.0,5.0,4.0,3.0,3.0,0.0,0.0,1
2016-08-20,Burnley,Liverpool,2.0,0.0,H,2.0,0.0,H,L Mason,3.0,26.0,2.0,5.0,14.0,5.0,1.0,12.0,0.0,1.0,0.0,0.0,0
2016-08-27,Tottenham,Liverpool,1.0,1.0,D,0.0,1.0,A,R Madley,11.0,13.0,4.0,3.0,11.0,17.0,5.0,5.0,3.0,5.0,0.0,0.0,1
2016-09-16,Chelsea,Liverpool,1.0,2.0,A,0.0,2.0,A,M Atkinson,12.0,13.0,4.0,5.0,6.0,13.0,6.0,4.0,1.0,1.0,0.0,0.0,1
2016-01-10,Swansea,Liverpool,1.0,2.0,A,1.0,0.0,H,M Oliver,8.0,18.0,3.0,6.0,11.0,9.0,3.0,10.0,2.0,2.0,0.0,0.0,1
2016-10-29,Crystal Palace,Liverpool,2.0,4.0,A,2.0,3.0,A,A Marriner,7.0,17.0,6.0,10.0,15.0,5.0,3.0,3.0,1.0,2.0,0.0,0.0,1
2016-11-19,Southampton,Liverpool,0.0,0.0,D,0.0,0.0,D,M Clattenburg,3.0,15.0,0.0,2.0,8.0,11.0,1.0,8.0,1.0,1.0,0.0,0.0,1
2016-04-12,Bournemouth,Liverpool,4.0,3.0,H,0.0,2.0,A,R Madley,12.0,10.0,8.0,3.0,9.0,17.0,4.0,9.0,2.0,2.0,0.0,0.0,0
2016-12-14,Middlesbrough,Liverpool,0.0,3.0,A,0.0,1.0,A,J Moss,8.0,15.0,3.0,4.0,11.0,14.0,5.0,2.0,1.0,0.0,0.0,0.0,1
2016-12-19,Everton,Liverpool,0.0,1.0,A,0.0,0.0,D,M Dean,6.0,11.0,1.0,4.0,13.0,9.0,1.0,6.0,3.0,1.0,0.0,0.0,1
2017-02-01,Sunderland,Liverpool,2.0,2.0,D,1.0,1.0,D,A Taylor,10.0,21.0,5.0,15.0,10.0,10.0,2.0,5.0,2.0,3.0,0.0,0.0,1
2017-01-15,Man United,Liverpool,1.0,1.0,D,0.0,1.0,A,M Oliver,9.0,13.0,3.0,4.0,17.0,13.0,5.0,7.0,1.0,3.0,0.0,0.0,1
2017-04-02,Hull,Liverpool,2.0,0.0,H,1.0,0.0,H,L Mason,7.0,22.0,4.0,5.0,9.0,12.0,1.0,15.0,2.0,1.0,0.0,0.0,0
2017-02-27,Leicester,Liverpool,3.0,1.0,H,2.0,0.0,H,M Oliver,13.0,17.0,7.0,7.0,8.0,5.0,5.0,12.0,0.0,0.0,0.0,0.0,0
2017-03-19,Man City,Liverpool,1.0,1.0,D,0.0,0.0,D,M Oliver,13.0,13.0,3.0,4.0,14.0,7.0,9.0,8.0,3.0,3.0,0.0,0.0,1
2017-08-04,Stoke,Liverpool,1.0,2.0,A,1.0,0.0,H,M Dean,9.0,14.0,4.0,4.0,7.0,11.0,5.0,8.0,0.0,2.0,0.0,0.0,1
2017-04-16,West Brom,Liverpool,0.0,1.0,A,0.0,1.0,A,J Moss,7.0,15.0,2.0,2.0,15.0,9.0,4.0,4.0,3.0,1.0,0.0,0.0,1
2017-01-05,Watford,Liverpool,0.0,1.0,A,0.0,1.0,A,C Pawson,9.0,12.0,2.0,8.0,11.0,9.0,3.0,5.0,3.0,1.0,0.0,0.0,1
2017-05-14,West Ham,Liverpool,0.0,4.0,A,0.0,1.0,A,N Swarbrick,10.0,26.0,3.0,11.0,5.0,10.0,4.0,6.0,2.0,0.0,0.0,0.0,1
2017-12-08,Watford,Liverpool,3.0,3.0,D,2.0,1.0,H,A Taylor,9.0,14.0,4.0,5.0,14.0,8.0,3.0,3.0,0.0,3.0,0.0,0.0,1
2017-09-09,Man City,Liverpool,5.0,0.0,H,2.0,0.0,H,J Moss,13.0,10.0,7.0,3.0,10.0,9.0,8.0,3.0,2.0,2.0,0.0,1.0,0
2017-09-23,Leicester,Liverpool,2.0,3.0,A,1.0,2.0,A,A Taylor,12.0,23.0,7.0,6.0,13.0,14.0,3.0,6.0,3.0,3.0,0.0,0.0,1
2017-01-10,Newcastle,Liverpool,1.0,1.0,D,1.0,1.0,D,C Pawson,8.0,17.0,5.0,2.0,11.0,6.0,1.0,5.0,1.0,1.0,0.0,0.0,1
2017-10-22,Tottenham,Liverpool,4.0,1.0,H,3.0,1.0,H,A Marriner,14.0,12.0,6.0,7.0,2.0,8.0,3.0,5.0,0.0,1.0,0.0,0.0,0
2017-04-11,West Ham,Liverpool,1.0,4.0,A,0.0,2.0,A,N Swarbrick,6.0,15.0,1.0,7.0,9.0,13.0,2.0,3.0,3.0,0.0,0.0,0.0,1
2017-11-29,Stoke,Liverpool,0.0,3.0,A,0.0,1.0,A,M Atkinson,10.0,14.0,1.0,7.0,8.0,10.0,5.0,9.0,1.0,5.0,0.0,0.0,1
2017-02-12,Brighton,Liverpool,1.0,5.0,A,0.0,2.0,A,G Scott,6.0,12.0,2.0,6.0,8.0,7.0,2.0,2.0,1.0,0.0,0.0,0.0,1
2017-12-17,Bournemouth,Liverpool,0.0,4.0,A,0.0,3.0,A,A Marriner,6.0,21.0,2.0,7.0,5.0,10.0,2.0,3.0,1.0,1.0,0.0,0.0,1
2017-12-22,Arsenal,Liverpool,3.0,3.0,D,0.0,1.0,A,M Atkinson,11.0,14.0,4.0,9.0,9.0,11.0,7.0,8.0,1.0,0.0,0.0,0.0,1
2018-01-01,Burnley,Liverpool,1.0,2.0,A,0.0,0.0,D,R East,13.0,19.0,4.0,5.0,4.0,12.0,3.0,9.0,0.0,0.0,0.0,0.0,1
2018-01-22,Swansea,Liverpool,1.0,0.0,H,1.0,0.0,H,N Swarbrick,3.0,21.0,2.0,4.0,5.0,9.0,3.0,9.0,0.0,2.0,0.0,0.0,0
2018-01-30,Huddersfield,Liverpool,0.0,3.0,A,0.0,2.0,A,K Friend,5.0,14.0,1.0,7.0,8.0,8.0,1.0,4.0,0.0,0.0,0.0,0.0,1
2018-11-02,Southampton,Liverpool,0.0,2.0,A,0.0,2.0,A,M Atkinson,6.0,16.0,4.0,4.0,5.0,8.0,3.0,1.0,1.0,2.0,0.0,0.0,1
2018-10-03,Man United,Liverpool,2.0,1.0,H,2.0,0.0,H,C Pawson,5.0,14.0,2.0,2.0,10.0,16.0,1.0,13.0,2.0,1.0,0.0,0.0,0
2018-03-31,Crystal Palace,Liverpool,1.0,2.0,A,1.0,0.0,H,N Swarbrick,6.0,16.0,3.0,6.0,6.0,8.0,4.0,6.0,2.0,2.0,0.0,0.0,1
2018-07-04,Everton,Liverpool,0.0,0.0,D,0.0,0.0,D,M Oliver,6.0,10.0,1.0,3.0,12.0,7.0,3.0,2.0,0.0,0.0,0.0,0.0,1
2018-04-21,West Brom,Liverpool,2.0,2.0,D,0.0,1.0,A,S Attwell,13.0,9.0,6.0,3.0,12.0,5.0,7.0,4.0,0.0,1.0,0.0,0.0,1
2018-06-05,Chelsea,Liverpool,1.0,0.0,H,1.0,0.0,H,A Taylor,12.0,10.0,4.0,5.0,12.0,9.0,3.0,1.0,3.0,2.0,0.0,0.0,0
2018-08-20,Crystal Palace,Liverpool,0.0,2.0,A,0.0,1.0,A,M Oliver,8.0,16.0,2.0,6.0,6.0,13.0,6.0,7.0,1.0,1.0,1.0,0.0,1
2018-01-09,Leicester,Liverpool,1.0,2.0,A,0.0,2.0,A,P Tierney,12.0,10.0,5.0,4.0,9.0,12.0,4.0,4.0,3.0,2.0,0.0,0.0,1
2018-09-15,Tottenham,Liverpool,1.0,2.0,A,0.0,1.0,A,M Oliver,11.0,17.0,3.0,10.0,17.0,16.0,5.0,4.0,0.0,0.0,0.0,0.0,1
2018-09-29,Chelsea,Liverpool,1.0,1.0,D,1.0,0.0,H,A Marriner,10.0,13.0,4.0,6.0,7.0,9.0,4.0,4.0,0.0,2.0,0.0,0.0,1
2018-10-20,Huddersfield,Liverpool,0.0,1.0,A,0.0,1.0,A,M Oliver,13.0,11.0,1.0,2.0,9.0,6.0,2.0,4.0,0.0,2.0,0.0,0.0,1
2018-03-11,Arsenal,Liverpool,1.0,1.0,D,0.0,0.0,D,A Marriner,12.0,13.0,4.0,4.0,7.0,7.0,5.0,8.0,1.0,1.0,0.0,0.0,1
2018-11-24,Watford,Liverpool,0.0,3.0,A,0.0,0.0,D,J Moss,5.0,10.0,1.0,7.0,12.0,13.0,5.0,5.0,0.0,0.0,0.0,1.0,1
2018-05-12,Burnley,Liverpool,1.0,3.0,A,0.0,0.0,D,S Attwell,10.0,18.0,6.0,12.0,10.0,3.0,5.0,9.0,1.0,0.0,0.0,0.0,1
2018-08-12,Bournemouth,Liverpool,0.0,4.0,A,0.0,1.0,A,L Mason,8.0,10.0,2.0,4.0,9.0,11.0,6.0,6.0,2.0,1.0,0.0,0.0,1
2018-12-21,Wolves,Liverpool,0.0,2.0,A,0.0,1.0,A,C Pawson,11.0,15.0,5.0,6.0,7.0,3.0,1.0,10.0,0.0,0.0,0.0,0.0,1
2019-03-01,Man City,Liverpool,2.0,1.0,H,1.0,0.0,H,A Taylor,9.0,7.0,4.0,5.0,12.0,7.0,2.0,1.0,4.0,2.0,0.0,0.0,0
2019-12-01,Brighton,Liverpool,0.0,1.0,A,0.0,0.0,D,K Friend,7.0,10.0,0.0,3.0,15.0,5.0,2.0,7.0,0.0,0.0,0.0,0.0,1
2019-04-02,West Ham,Liverpool,1.0,1.0,D,1.0,1.0,D,K Friend,13.0,11.0,2.0,6.0,9.0,11.0,2.0,5.0,1.0,1.0,0.0,0.0,1
2019-02-24,Man United,Liverpool,0.0,0.0,D,0.0,0.0,D,M Oliver,6.0,7.0,3.0,1.0,15.0,17.0,3.0,7.0,1.0,3.0,0.0,0.0,1
2019-03-03,Everton,Liverpool,0.0,0.0,D,0.0,0.0,D,M Atkinson,7.0,10.0,3.0,3.0,12.0,10.0,3.0,7.0,1.0,2.0,0.0,0.0,1
2019-03-17,Fulham,Liverpool,1.0,2.0,A,0.0,1.0,A,C Pawson,7.0,16.0,2.0,6.0,11.0,7.0,1.0,10.0,2.0,1.0,0.0,0.0,1
2019-05-04,Southampton,Liverpool,1.0,3.0,A,1.0,1.0,D,P Tierney,11.0,17.0,1.0,5.0,8.0,7.0,7.0,5.0,2.0,4.0,0.0,0.0,1
2019-04-21,Cardiff,Liverpool,0.0,2.0,A,0.0,0.0,D,M Atkinson,7.0,17.0,2.0,6.0,6.0,5.0,5.0,10.0,1.0,1.0,0.0,0.0,1
2019-04-05,Newcastle,Liverpool,2.0,3.0,A,1.0,2.0,A,A Marriner,14.0,11.0,7.0,4.0,10.0,4.0,2.0,3.0,1.0,1.0,0.0,0.0,1
2019-08-17,Southampton,Liverpool,1.0,2.0,A,0.0,1.0,A,A Marriner,14.0,15.0,3.0,6.0,10.0,6.0,5.0,9.0,2.0,1.0,0.0,0.0,1
2019-08-31,Burnley,Liverpool,0.0,3.0,A,0.0,2.0,A,C Kavanagh,7.0,15.0,2.0,7.0,10.0,16.0,6.0,4.0,0.0,0.0,0.0,0.0,1
2019-09-22,Chelsea,Liverpool,1.0,2.0,A,0.0,2.0,A,M Oliver,13.0,6.0,2.0,3.0,8.0,13.0,6.0,4.0,3.0,3.0,0.0,0.0,1
2019-09-28,Sheffield United,Liverpool,0.0,1.0,A,0.0,0.0,D,A Taylor,12.0,16.0,2.0,4.0,8.0,4.0,6.0,5.0,1.0,1.0,0.0,0.0,1
2019-10-20,Man United,Liverpool,1.0,1.0,D,1.0,0.0,H,M Atkinson,7.0,10.0,2.0,4.0,6.0,14.0,3.0,1.0,0.0,1.0,0.0,0.0,1
2019-02-11,Aston Villa,Liverpool,1.0,2.0,A,1.0,0.0,H,J Moss,5.0,25.0,2.0,6.0,12.0,9.0,2.0,10.0,1.0,2.0,0.0,0.0,1
2019-11-23,Crystal Palace,Liverpool,1.0,2.0,A,0.0,0.0,D,K Friend,16.0,12.0,6.0,4.0,8.0,7.0,9.0,8.0,0.0,1.0,0.0,0.0,1
2019-07-12,Bournemouth,Liverpool,0.0,3.0,A,0.0,2.0,A,C Kavanagh,3.0,21.0,0.0,9.0,5.0,6.0,1.0,3.0,0.0,1.0,0.0,0.0,1
2019-12-26,Leicester,Liverpool,0.0,4.0,A,0.0,1.0,A,M Oliver,3.0,15.0,0.0,6.0,5.0,7.0,2.0,8.0,1.0,1.0,0.0,0.0,1
2020-11-01,Tottenham,Liverpool,0.0,1.0,A,0.0,1.0,A,M Atkinson,14.0,13.0,4.0,7.0,4.0,8.0,4.0,3.0,0.0,2.0,0.0,0.0,1
2020-01-23,Wolves,Liverpool,1.0,2.0,A,0.0,1.0,A,M Oliver,10.0,13.0,3.0,6.0,6.0,11.0,2.0,4.0,0.0,1.0,0.0,0.0,1
2020-01-29,West Ham,Liverpool,0.0,2.0,A,0.0,1.0,A,J Moss,7.0,13.0,4.0,5.0,6.0,6.0,3.0,7.0,2.0,0.0,0.0,0.0,1
2020-02-15,Norwich,Liverpool,0.0,1.0,A,0.0,0.0,D,S Attwell,5.0,17.0,1.0,6.0,5.0,11.0,2.0,7.0,1.0,2.0,0.0,0.0,1
2020-02-29,Watford,Liverpool,3.0,0.0,H,0.0,0.0,D,M Oliver,14.0,7.0,5.0,1.0,4.0,8.0,3.0,5.0,0.0,0.0,0.0,0.0,0
2020-06-21,Everton,Liverpool,0.0,0.0,D,0.0,0.0,D,M Dean,9.0,10.0,3.0,3.0,15.0,12.0,1.0,6.0,2.0,2.0,0.0,0.0,1
2020-02-07,Man City,Liverpool,4.0,0.0,H,3.0,0.0,H,A Taylor,14.0,11.0,6.0,3.0,8.0,7.0,3.0,3.0,2.0,2.0,0.0,0.0,0
2020-08-07,Brighton,Liverpool,1.0,3.0,A,1.0,2.0,A,C Pawson,12.0,19.0,2.0,8.0,7.0,15.0,6.0,10.0,1.0,4.0,0.0,0.0,1
2020-07-15,Arsenal,Liverpool,2.0,1.0,H,2.0,1.0,H,P Tierney,3.0,24.0,2.0,8.0,14.0,10.0,2.0,13.0,3.0,1.0,0.0,0.0,0
2020-07-26,Newcastle,Liverpool,1.0,3.0,A,1.0,1.0,D,A Taylor,3.0,14.0,2.0,6.0,11.0,5.0,2.0,4.0,1.0,0.0,0.0,0.0,1
2020-09-20,Chelsea,Liverpool,0.0,2.0,A,0.0,0.0,D,P Tierney,5.0,18.0,3.0,6.0,10.0,6.0,1.0,11.0,0.0,0.0,1.0,0.0,1
2020-04-10,Aston Villa,Liverpool,7.0,2.0,H,4.0,1.0,H,M Atkinson,18.0,14.0,11.0,8.0,7.0,10.0,2.0,7.0,2.0,1.0,0.0,0.0,0
2020-10-17,Everton,Liverpool,2.0,2.0,D,1.0,1.0,D,M Oliver,11.0,22.0,5.0,8.0,15.0,9.0,2.0,5.0,3.0,2.0,1.0,0.0,1
2020-08-11,Man City,Liverpool,1.0,1.0,D,1.0,1.0,D,C Pawson,7.0,10.0,2.0,3.0,19.0,11.0,1.0,2.0,3.0,1.0,0.0,0.0,1
2020-11-28,Brighton,Liverpool,1.0,1.0,D,0.0,0.0,D,S Attwell,11.0,6.0,3.0,2.0,9.0,13.0,4.0,3.0,2.0,1.0,0.0,0.0,1
2020-12-13,Fulham,Liverpool,1.0,1.0,D,1.0,0.0,H,A Marriner,10.0,12.0,5.0,6.0,9.0,5.0,6.0,8.0,3.0,1.0,0.0,0.0,1
2020-12-19,Crystal Palace,Liverpool,0.0,7.0,A,0.0,3.0,A,J Moss,5.0,14.0,3.0,8.0,5.0,11.0,5.0,4.0,1.0,0.0,0.0,0.0,1
2020-12-30,Newcastle,Liverpool,0.0,0.0,D,0.0,0.0,D,P Tierney,8.0,11.0,2.0,4.0,9.0,13.0,5.0,12.0,2.0,3.0,0.0,0.0,1
2021-04-01,Southampton,Liverpool,1.0,0.0,H,1.0,0.0,H,A Marriner,7.0,17.0,3.0,1.0,5.0,12.0,1.0,10.0,1.0,3.0,0.0,0.0,0
2021-01-28,Tottenham,Liverpool,1.0,3.0,A,0.0,1.0,A,M Atkinson,3.0,14.0,2.0,7.0,9.0,11.0,1.0,2.0,1.0,2.0,0.0,0.0,1
2021-01-31,West Ham,Liverpool,1.0,3.0,A,0.0,0.0,D,J Moss,8.0,14.0,2.0,5.0,7.0,8.0,6.0,5.0,2.0,0.0,0.0,0.0,1
2021-02-13,Leicester,Liverpool,3.0,1.0,H,0.0,0.0,D,A Taylor,11.0,15.0,6.0,4.0,9.0,6.0,2.0,12.0,1.0,2.0,0.0,0.0,0
2021-02-28,Sheffield United,Liverpool,0.0,2.0,A,0.0,0.0,D,J Moss,8.0,16.0,2.0,8.0,9.0,9.0,4.0,3.0,0.0,0.0,0.0,0.0,1
2021-03-15,Wolves,Liverpool,0.0,1.0,A,0.0,1.0,A,C Pawson,10.0,12.0,5.0,4.0,17.0,10.0,3.0,2.0,2.0,1.0,0.0,0.0,1
2021-03-04,Arsenal,Liverpool,0.0,3.0,A,0.0,0.0,D,S Attwell,3.0,16.0,2.0,7.0,10.0,10.0,1.0,2.0,1.0,1.0,0.0,0.0,1
2021-04-19,Leeds,Liverpool,1.0,1.0,D,0.0,1.0,A,A Taylor,12.0,17.0,5.0,7.0,17.0,15.0,10.0,8.0,2.0,1.0,0.0,0.0,1
2021-05-13,Man United,Liverpool,2.0,4.0,A,1.0,2.0,A,A Taylor,18.0,17.0,3.0,8.0,10.0,12.0,6.0,4.0,3.0,0.0,0.0,0.0,1
2021-05-16,West Brom,Liverpool,1.0,2.0,A,1.0,1.0,D,M Dean,10.0,26.0,3.0,6.0,7.0,14.0,9.0,13.0,0.0,0.0,0.0,0.0,1
2021-05-19,Burnley,Liverpool,0.0,3.0,A,0.0,1.0,A,C Kavanagh,10.0,20.0,4.0,3.0,10.0,7.0,6.0,7.0,0.0,0.0,0.0,0.0,1
2021-08-14,Norwich,Liverpool,0.0,3.0,A,0.0,1.0,A,A Marriner,14.0,19.0,3.0,8.0,4.0,14.0,3.0,11.0,1.0,1.0,0.0,0.0,1
2021-12-09,Leeds,Liverpool,0.0,3.0,A,0.0,1.0,A,C Pawson,9.0,30.0,4.0,9.0,9.0,8.0,2.0,11.0,2.0,1.0,1.0,0.0,1
2021-09-25,Brentford,Liverpool,3.0,3.0,D,1.0,1.0,D,S Attwell,12.0,16.0,4.0,6.0,8.0,7.0,2.0,11.0,1.0,1.0,0.0,0.0,1
2021-10-16,Watford,Liverpool,0.0,5.0,A,0.0,2.0,A,J Moss,6.0,19.0,2.0,8.0,4.0,10.0,1.0,9.0,0.0,0.0,0.0,0.0,1
2021-10-24,Man United,Liverpool,0.0,5.0,A,0.0,4.0,A,A Taylor,12.0,19.0,4.0,8.0,10.0,8.0,6.0,3.0,6.0,0.0,1.0,0.0,1
2021-07-11,West Ham,Liverpool,3.0,2.0,H,1.0,1.0,D,C Pawson,7.0,16.0,3.0,5.0,11.0,6.0,3.0,2.0,1.0,1.0,0.0,0.0,0
2021-01-12,Everton,Liverpool,1.0,4.0,A,1.0,2.0,A,P Tierney,8.0,16.0,2.0,7.0,8.0,16.0,3.0,11.0,4.0,3.0,0.0,0.0,1
2021-04-12,Wolves,Liverpool,0.0,1.0,A,0.0,0.0,D,C Kavanagh,3.0,17.0,1.0,5.0,4.0,7.0,2.0,8.0,2.0,2.0,0.0,0.0,1
2021-12-19,Tottenham,Liverpool,2.0,2.0,D,1.0,1.0,D,P Tierney,10.0,18.0,5.0,6.0,12.0,11.0,6.0,4.0,4.0,4.0,0.0,1.0,1
2021-12-28,Leicester,Liverpool,1.0,0.0,H,0.0,0.0,D,M Oliver,6.0,21.0,1.0,4.0,8.0,11.0,1.0,12.0,0.0,1.0,0.0,0.0,0
2022-02-01,Chelsea,Liverpool,2.0,2.0,D,2.0,2.0,D,A Taylor,15.0,10.0,6.0,6.0,5.0,13.0,6.0,7.0,1.0,2.0,0.0,0.0,1
2022-01-23,Crystal Palace,Liverpool,1.0,3.0,A,0.0,2.0,A,K Friend,8.0,15.0,5.0,7.0,12.0,10.0,2.0,5.0,4.0,1.0,0.0,0.0,1
2022-02-13,Burnley,Liverpool,0.0,1.0,A,0.0,1.0,A,M Atkinson,8.0,12.0,5.0,4.0,7.0,6.0,5.0,8.0,0.0,1.0,0.0,0.0,1
