Date,HomeTeam,AwayTeam,FTHG,FTAG,FTR,HTHG,HTAG,HTR,Referee,HS,AS,HST,AST,HF,AF,HC,AC,HY,AY,HR,AR,HomeWin
2005-08-20,Liverpool,Sunderland,1.0,0.0,H,1.0,0.0,H,B Knight,15.0,2.0,6.0,0.0,8.0,20.0,5.0,5.0,2.0,3.0,0.0,1.0,1
2005-09-18,Liverpool,Man United,0.0,0.0,D,0.0,0.0,D,R Styles,9.0,4.0,3.0,1.0,24.0,15.0,4.0,2.0,2.0,2.0,0.0,0.0,1
2005-02-10,Liverpool,Chelsea,1.0,4.0,A,1.0,2.0,A,G Poll,11.0,7.0,5.0,5.0,15.0,17.0,4.0,2.0,1.0,3.0,0.0,0.0,0
2005-10-15,Liverpool,Blackburn,1.0,0.0,H,0.0,0.0,D,M Halsey,19.0,4.0,5.0,1.0,8.0,22.0,9.0,2.0,0.0,3.0,0.0,1.0,1
2005-10-29,Liverpool,West Ham,2.0,0.0,H,1.0,0.0,H,U Rennie,17.0,4.0,9.0,2.0,15.0,13.0,10.0,5.0,2.0,0.0,0.0,0.0,1
2005-11-19,Liverpool,Portsmouth,3.0,0.0,H,2.0,0.0,H,P Walton,15.0,7.0,11.0,5.0,7.0,8.0,7.0,6.0,1.0,1.0,0.0,0.0,1
2005-03-12,Liverpool,Wigan,3.0,0.0,H,2.0,0.0,H,U Rennie,16.0,10.0,12.0,6.0,16.0,15.0,11.0,6.0,1.0,2.0,0.0,0.0,1
2005-10-12,Liverpool,Middlesbrough,2.0,0.0,H,0.0,0.0,D,S Bennett,23.0,6.0,13.0,3.0,10.0,18.0,11.0,2.0,1.0,2.0,0.0,1.0,1
2005-12-26,Liverpool,Newcastle,2.0,0.0,H,2.0,0.0,H,M Halsey,21.0,2.0,11.0,2.0,9.0,13.0,7.0,4.0,1.0,0.0,0.0,1.0,1
2005-12-31,Liverpool,West Brom,1.0,0.0,H,0.0,0.0,D,A Wiley,27.0,4.0,13.0,0.0,8.0,12.0,10.0,1.0,0.0,0.0,0.0,0.0,1
2006-01-14,Liverpool,Tottenham,1.0,0.0,H,0.0,0.0,D,D Gallagher,16.0,6.0,12.0,2.0,8.0,12.0,10.0,7.0,0.0,1.0,0.0,1.0,1
2006-01-02,Liverpool,Birmingham,1.0,1.0,D,0.0,0.0,D,U Rennie,24.0,3.0,10.0,2.0,13.0,12.0,11.0,3.0,0.0,0.0,0.0,1.0,1
2006-02-14,Liverpool,Arsenal,1.0,0.0,H,0.0,0.0,D,G Poll,22.0,6.0,9.0,2.0,12.0,15.0,13.0,1.0,0.0,1.0,0.0,0.0,1
2006-02-26,Liverpool,Man City,1.0,0.0,H,1.0,0.0,H,D Gallagher,20.0,6.0,12.0,3.0,4.0,16.0,12.0,2.0,0.0,2.0,0.0,1.0,1
2006-04-03,Liverpool,Charlton,0.0,0.0,D,0.0,0.0,D,M Atkinson,21.0,3.0,10.0,1.0,5.0,14.0,12.0,5.0,1.0,1.0,0.0,0.0,1
2006-03-15,Liverpool,Fulham,5.0,1.0,H,2.0,1.0,H,A Wiley,19.0,8.0,10.0,4.0,8.0,12.0,8.0,2.0,0.0,3.0,0.0,0.0,1
2006-03-25,Liverpool,Everton,3.0,1.0,H,1.0,0.0,H,P Dowd,17.0,8.0,10.0,5.0,12.0,25.0,5.0,3.0,3.0,7.0,1.0,1.0,1
2006-09-04,Liverpool,Bolton,1.0,0.0,H,1.0,0.0,H,R Styles,17.0,7.0,7.0,4.0,6.0,6.0,3.0,2.0,1.0,1.0,0.0,0.0,1
2006-04-29,Liverpool,Aston Villa,3.0,1.0,H,1.0,0.0,H,M Halsey,15.0,7.0,9.0,3.0,7.0,11.0,6.0,5.0,0.0,0.0,0.0,0.0,1
2006-08-26,Liverpool,West Ham,2.0,1.0,H,2.0,1.0,H,A Wiley,19.0,8.0,8.0,3.0,15.0,6.0,6.0,1.0,1.0,0.0,0.0,0.0,1
2006-09-20,Liverpool,Newcastle,2.0,0.0,H,1.0,0.0,H,M Halsey,22.0,11.0,11.0,6.0,12.0,13.0,8.0,6.0,1.0,1.0,0.0,0.0,1
2006-09-23,Liverpool,Tottenham,3.0,0.0,H,0.0,0.0,D,H Webb,14.0,5.0,6.0,1.0,12.0,9.0,6.0,0.0,1.0,0.0,0.0,0.0,1
2006-10-14,Liverpool,Blackburn,1.0,1.0,D,0.0,1.0,A,M Clattenburg,18.0,5.0,9.0,3.0,6.0,15.0,8.0,1.0,1.0,3.0,0.0,0.0,1
2006-10-28,Liverpool,Aston Villa,3.0,1.0,H,3.0,0.0,H,S Bennett,19.0,7.0,6.0,5.0,11.0,17.0,8.0,4.0,0.0,1.0,0.0,0.0,1
2006-04-11,Liverpool,Reading,2.0,0.0,H,1.0,0.0,H,U Rennie,21.0,5.0,10.0,2.0,8.0,14.0,9.0,6.0,0.0,2.0,0.0,0.0,1
2006-11-25,Liverpool,Man City,1.0,0.0,H,0.0,0.0,D,R Styles,12.0,6.0,6.0,2.0,9.0,20.0,8.0,2.0,2.0,1.0,0.0,0.0,1
2006-11-29,Liverpool,Portsmouth,0.0,0.0,D,0.0,0.0,D,A Wiley,15.0,3.0,4.0,1.0,13.0,13.0,5.0,1.0,1.0,3.0,0.0,0.0,1
2006-09-12,Liverpool,Fulham,4.0,0.0,H,0.0,0.0,D,U Rennie,32.0,5.0,19.0,3.0,7.0,8.0,14.0,1.0,1.0,1.0,0.0,0.0,1
2006-12-23,Liverpool,Watford,2.0,0.0,H,0.0,0.0,D,P Dowd,15.0,7.0,10.0,4.0,10.0,17.0,7.0,6.0,0.0,0.0,0.0,0.0,1
2007-01-01,Liverpool,Bolton,3.0,0.0,H,0.0,0.0,D,G Poll,19.0,1.0,9.0,0.0,18.0,12.0,8.0,8.0,0.0,3.0,0.0,0.0,1
2007-01-20,Liverpool,Chelsea,2.0,0.0,H,2.0,0.0,H,R Styles,17.0,11.0,8.0,3.0,10.0,17.0,3.0,7.0,0.0,1.0,0.0,0.0,1
2007-03-02,Liverpool,Everton,0.0,0.0,D,0.0,0.0,D,A Wiley,25.0,6.0,10.0,4.0,13.0,18.0,6.0,4.0,0.0,3.0,0.0,0.0,1
2007-02-24,Liverpool,Sheffield United,4.0,0.0,H,2.0,0.0,H,S Bennett,8.0,6.0,4.0,2.0,12.0,9.0,5.0,1.0,0.0,2.0,0.0,0.0,1
2007-03-03,Liverpool,Man United,0.0,1.0,A,0.0,0.0,D,M Atkinson,15.0,5.0,8.0,3.0,11.0,12.0,12.0,2.0,2.0,2.0,0.0,1.0,0
2007-03-31,Liverpool,Arsenal,4.0,1.0,H,2.0,0.0,H,S Bennett,12.0,11.0,7.0,3.0,17.0,8.0,2.0,7.0,1.0,3.0,0.0,0.0,1
2007-04-18,Liverpool,Middlesbrough,2.0,0.0,H,0.0,0.0,D,G Poll,18.0,5.0,7.0,2.0,8.0,13.0,8.0,2.0,0.0,1.0,0.0,0.0,1
2007-04-21,Liverpool,Wigan,2.0,0.0,H,1.0,0.0,H,M Riley,23.0,4.0,12.0,3.0,10.0,10.0,12.0,3.0,2.0,2.0,0.0,0.0,1
2007-05-13,Liverpool,Charlton,2.0,2.0,D,0.0,1.0,A,D Gallagher,22.0,8.0,7.0,4.0,5.0,12.0,9.0,2.0,0.0,0.0,0.0,0.0,1
2007-08-19,Liverpool,Chelsea,1.0,1.0,D,1.0,0.0,H,R Styles,18.0,6.0,8.0,2.0,11.0,16.0,5.0,2.0,4.0,5.0,0.0,0.0,1
2007-01-09,Liverpool,Derby,6.0,0.0,H,2.0,0.0,H,A Wiley,20.0,8.0,10.0,3.0,10.0,14.0,4.0,2.0,0.0,1.0,0.0,0.0,1
2007-09-22,Liverpool,Birmingham,0.0,0.0,D,0.0,0.0,D,L Mason,18.0,5.0,4.0,2.0,3.0,10.0,11.0,2.0,0.0,2.0,0.0,0.0,1
2007-07-10,Liverpool,Tottenham,2.0,2.0,D,1.0,1.0,D,M Halsey,21.0,11.0,9.0,6.0,18.0,10.0,5.0,3.0,0.0,1.0,0.0,0.0,1
2007-10-28,Liverpool,Arsenal,1.0,1.0,D,1.0,0.0,H,H Webb,11.0,11.0,8.0,4.0,16.0,10.0,4.0,1.0,3.0,3.0,0.0,0.0,1
2007-10-11,Liverpool,Fulham,2.0,0.0,H,0.0,0.0,D,S Tanner,20.0,5.0,12.0,3.0,9.0,12.0,8.0,2.0,0.0,2.0,0.0,0.0,1
2007-02-12,Liverpool,Bolton,4.0,0.0,H,2.0,0.0,H,S Bennett,23.0,6.0,14.0,3.0,11.0,14.0,5.0,5.0,0.0,3.0,0.0,0.0,1
2007-12-16,Liverpool,Man United,0.0,1.0,A,0.0,1.0,A,M Halsey,19.0,5.0,6.0,3.0,14.0,13.0,3.0,3.0,2.0,3.0,0.0,0.0,0
2007-12-22,Liverpool,Portsmouth,4.0,1.0,H,2.0,0.0,H,M Riley,14.0,9.0,7.0,3.0,13.0,11.0,3.0,1.0,1.0,2.0,0.0,0.0,1
2008-02-01,Liverpool,Wigan,1.0,1.0,D,0.0,0.0,D,S Bennett,15.0,6.0,11.0,1.0,13.0,16.0,4.0,1.0,2.0,1.0,0.0,0.0,1
2008-01-21,Liverpool,Aston Villa,2.0,2.0,D,1.0,0.0,H,M Clattenburg,17.0,4.0,7.0,3.0,11.0,15.0,8.0,2.0,2.0,2.0,0.0,0.0,1
2008-02-02,Liverpool,Sunderland,3.0,0.0,H,0.0,0.0,D,R Styles,14.0,6.0,11.0,3.0,8.0,10.0,4.0,1.0,1.0,2.0,0.0,0.0,1
2008-02-23,Liverpool,Middlesbrough,3.0,2.0,H,2.0,1.0,H,L Mason,13.0,6.0,8.0,3.0,8.0,11.0,6.0,2.0,2.0,5.0,0.0,1.0,1
2008-05-03,Liverpool,West Ham,4.0,0.0,H,1.0,0.0,H,S Bennett,20.0,2.0,11.0,2.0,9.0,15.0,16.0,3.0,0.0,3.0,0.0,0.0,1
2008-08-03,Liverpool,Newcastle,3.0,0.0,H,2.0,0.0,H,P Walton,15.0,6.0,13.0,4.0,8.0,7.0,12.0,8.0,1.0,0.0,0.0,0.0,1
2008-03-15,Liverpool,Reading,2.0,1.0,H,1.0,1.0,D,A Marriner,19.0,7.0,8.0,3.0,7.0,22.0,7.0,2.0,0.0,5.0,0.0,0.0,1
2008-03-30,Liverpool,Everton,1.0,0.0,H,1.0,0.0,H,H Webb,15.0,3.0,9.0,2.0,13.0,14.0,11.0,4.0,1.0,4.0,0.0,0.0,1
2008-04-13,Liverpool,Blackburn,3.0,1.0,H,0.0,0.0,D,A Wiley,17.0,7.0,9.0,3.0,12.0,10.0,5.0,1.0,1.0,0.0,0.0,0.0,1
2008-04-05,Liverpool,Man City,1.0,0.0,H,0.0,0.0,D,M Halsey,23.0,4.0,10.0,3.0,9.0,5.0,12.0,5.0,0.0,0.0,0.0,0.0,1
2008-08-23,Liverpool,Middlesbrough,2.0,1.0,H,0.0,0.0,D,M Riley,16.0,9.0,8.0,4.0,10.0,12.0,14.0,3.0,2.0,1.0,0.0,0.0,1
2008-09-13,Liverpool,Man United,2.0,1.0,H,1.0,1.0,D,H Webb,16.0,7.0,11.0,3.0,10.0,18.0,5.0,4.0,0.0,3.0,0.0,1.0,1
2008-09-20,Liverpool,Stoke,0.0,0.0,D,0.0,0.0,D,A Marriner,27.0,3.0,11.0,2.0,8.0,10.0,20.0,3.0,1.0,1.0,0.0,0.0,1
2008-10-18,Liverpool,Wigan,3.0,2.0,H,1.0,2.0,A,A Wiley,17.0,7.0,7.0,4.0,10.0,13.0,5.0,2.0,1.0,1.0,0.0,1.0,1
2008-10-29,Liverpool,Portsmouth,1.0,0.0,H,0.0,0.0,D,S Tanner,21.0,4.0,10.0,1.0,13.0,12.0,7.0,1.0,0.0,3.0,0.0,0.0,1
2008-08-11,Liverpool,West Brom,3.0,0.0,H,2.0,0.0,H,P Walton,11.0,4.0,10.0,2.0,10.0,8.0,3.0,7.0,2.0,1.0,0.0,0.0,1
2008-11-22,Liverpool,Fulham,0.0,0.0,D,0.0,0.0,D,M Halsey,18.0,6.0,7.0,6.0,7.0,6.0,9.0,3.0,0.0,0.0,0.0,0.0,1
2008-01-12,Liverpool,West Ham,0.0,0.0,D,0.0,0.0,D,P Walton,21.0,7.0,8.0,3.0,5.0,7.0,17.0,5.0,1.0,1.0,0.0,0.0,1
2008-12-13,Liverpool,Hull,2.0,2.0,D,2.0,2.0,D,A Wiley,22.0,9.0,10.0,3.0,12.0,8.0,8.0,4.0,3.0,3.0,0.0,0.0,1
2008-12-26,Liverpool,Bolton,3.0,0.0,H,1.0,0.0,H,A Wiley,18.0,4.0,8.0,2.0,7.0,12.0,16.0,3.0,1.0,3.0,0.0,0.0,1
2009-01-19,Liverpool,Everton,1.0,1.0,D,0.0,0.0,D,H Webb,9.0,7.0,5.0,6.0,19.0,15.0,4.0,4.0,0.0,2.0,0.0,0.0,1
2009-01-02,Liverpool,Chelsea,2.0,0.0,H,0.0,0.0,D,M Riley,21.0,4.0,15.0,1.0,20.0,15.0,12.0,1.0,4.0,3.0,0.0,1.0,1
2009-02-22,Liverpool,Man City,1.0,1.0,D,0.0,0.0,D,P Dowd,18.0,10.0,5.0,4.0,10.0,13.0,6.0,4.0,1.0,2.0,0.0,0.0,1
2009-03-03,Liverpool,Sunderland,2.0,0.0,H,0.0,0.0,D,M Halsey,22.0,5.0,12.0,2.0,9.0,6.0,6.0,2.0,1.0,1.0,0.0,0.0,1
2009-03-22,Liverpool,Aston Villa,5.0,0.0,H,3.0,0.0,H,M Atkinson,14.0,6.0,7.0,4.0,10.0,13.0,4.0,6.0,1.0,3.0,0.0,1.0,1
2009-11-04,Liverpool,Blackburn,4.0,0.0,H,2.0,0.0,H,M Riley,22.0,7.0,12.0,5.0,6.0,13.0,7.0,2.0,2.0,1.0,0.0,0.0,1
2009-04-21,Liverpool,Arsenal,4.0,4.0,D,0.0,1.0,A,H Webb,22.0,8.0,15.0,4.0,10.0,12.0,12.0,0.0,0.0,1.0,0.0,0.0,1
2009-03-05,Liverpool,Newcastle,3.0,0.0,H,2.0,0.0,H,P Dowd,25.0,3.0,11.0,3.0,6.0,8.0,7.0,1.0,0.0,2.0,0.0,1.0,1
2009-05-24,Liverpool,Tottenham,3.0,1.0,H,1.0,0.0,H,P Walton,20.0,8.0,9.0,4.0,14.0,4.0,9.0,2.0,0.0,1.0,0.0,0.0,1
2009-08-19,Liverpool,Stoke,4.0,0.0,H,2.0,0.0,H,P Walton,18.0,6.0,13.0,3.0,10.0,9.0,11.0,5.0,0.0,1.0,0.0,0.0,1
2009-08-24,Liverpool,Aston Villa,1.0,3.0,A,0.0,2.0,A,M Atkinson,21.0,7.0,12.0,4.0,15.0,11.0,10.0,4.0,3.0,2.0,0.0,0.0,0
2009-12-09,Liverpool,Burnley,4.0,0.0,H,2.0,0.0,H,L Mason,27.0,6.0,16.0,3.0,8.0,10.0,7.0,5.0,0.0,2.0,0.0,0.0,1
2009-09-26,Liverpool,Hull,6.0,1.0,H,2.0,1.0,H,P Walton,22.0,7.0,14.0,3.0,10.0,3.0,13.0,2.0,1.0,4.0,0.0,0.0,1
2009-10-25,Liverpool,Man United,2.0,0.0,H,0.0,0.0,D,A Marriner,11.0,7.0,6.0,5.0,20.0,11.0,5.0,1.0,2.0,3.0,1.0,1.0,1
2009-09-11,Liverpool,Birmingham,2.0,2.0,D,1.0,2.0,A,P Walton,27.0,5.0,14.0,2.0,7.0,9.0,11.0,1.0,1.0,2.0,0.0,0.0,1
2009-11-21,Liverpool,Man City,2.0,2.0,D,0.0,0.0,D,P Dowd,10.0,9.0,6.0,6.0,9.0,13.0,7.0,3.0,2.0,0.0,0.0,0.0,1
2009-12-13,Liverpool,Arsenal,1.0,2.0,A,1.0,0.0,H,H Webb,6.0,7.0,3.0,5.0,19.0,16.0,3.0,4.0,3.0,3.0,0.0,0.0,0
2009-12-16,Liverpool,Wigan,2.0,1.0,H,1.0,0.0,H,P Dowd,12.0,8.0,7.0,5.0,12.0,11.0,13.0,0.0,1.0,1.0,0.0,0.0,1
2009-12-26,Liverpool,Wolves,2.0,0.0,H,0.0,0.0,D,A Marriner,14.0,6.0,10.0,2.0,9.0,10.0,7.0,1.0,0.0,1.0,0.0,1.0,1
2010-01-20,Liverpool,Tottenham,2.0,0.0,H,1.0,0.0,H,H Webb,13.0,7.0,5.0,5.0,11.0,17.0,2.0,3.0,2.0,3.0,0.0,0.0,1
2010-01-30,Liverpool,Bolton,2.0,0.0,H,1.0,0.0,H,S Bennett,13.0,4.0,6.0,1.0,12.0,10.0,11.0,3.0,1.0,3.0,0.0,0.0,1
2010-06-02,Liverpool,Everton,1.0,0.0,H,0.0,0.0,D,M Atkinson,9.0,6.0,4.0,3.0,11.0,23.0,8.0,8.0,3.0,3.0,1.0,1.0,1
2010-02-28,Liverpool,Blackburn,2.0,1.0,H,2.0,1.0,H,A Wiley,12.0,12.0,6.0,7.0,10.0,22.0,4.0,5.0,1.0,5.0,0.0,0.0,1
2010-03-15,Liverpool,Portsmouth,4.0,1.0,H,3.0,0.0,H,S Attwell,23.0,7.0,12.0,3.0,10.0,15.0,8.0,4.0,0.0,2.0,0.0,0.0,1
2010-03-28,Liverpool,Sunderland,3.0,0.0,H,2.0,0.0,H,P Dowd,25.0,7.0,16.0,2.0,11.0,9.0,9.0,2.0,0.0,1.0,0.0,0.0,1
2010-11-04,Liverpool,Fulham,0.0,0.0,D,0.0,0.0,D,A Marriner,18.0,2.0,9.0,2.0,6.0,16.0,10.0,1.0,1.0,3.0,0.0,0.0,1
2010-04-19,Liverpool,West Ham,3.0,0.0,H,2.0,0.0,H,P Walton,17.0,6.0,8.0,2.0,8.0,12.0,9.0,2.0,0.0,2.0,0.0,0.0,1
2010-02-05,Liverpool,Chelsea,0.0,2.0,A,0.0,1.0,A,A Wiley,7.0,15.0,2.0,11.0,7.0,7.0,9.0,5.0,1.0,2.0,0.0,0.0,0
2010-08-15,Liverpool,Arsenal,1.0,1.0,D,0.0,0.0,D,M Atkinson,7.0,14.0,4.0,7.0,13.0,15.0,9.0,11.0,1.0,3.0,1.0,1.0,1
2010-08-29,Liverpool,West Brom,1.0,0.0,H,0.0,0.0,D,L Probert,11.0,14.0,7.0,5.0,9.0,8.0,7.0,6.0,0.0,0.0,0.0,1.0,1
2010-09-25,Liverpool,Sunderland,2.0,2.0,D,1.0,1.0,D,S Attwell,13.0,10.0,5.0,1.0,15.0,7.0,3.0,3.0,3.0,1.0,0.0,0.0,1
2010-03-10,Liverpool,Blackpool,1.0,2.0,A,0.0,2.0,A,M Jones,19.0,11.0,10.0,7.0,11.0,10.0,5.0,2.0,2.0,1.0,0.0,0.0,0
2010-10-24,Liverpool,Blackburn,2.0,1.0,H,0.0,0.0,D,P Dowd,17.0,4.0,10.0,2.0,17.0,12.0,15.0,4.0,2.0,3.0,0.0,0.0,1
2010-07-11,Liverpool,Chelsea,2.0,0.0,H,2.0,0.0,H,H Webb,9.0,11.0,7.0,7.0,15.0,17.0,2.0,5.0,0.0,2.0,0.0,0.0,1
2010-11-20,Liverpool,West Ham,3.0,0.0,H,3.0,0.0,H,L Probert,19.0,6.0,11.0,1.0,8.0,8.0,10.0,2.0,0.0,1.0,0.0,0.0,1
2010-06-12,Liverpool,Aston Villa,3.0,0.0,H,2.0,0.0,H,P Dowd,12.0,5.0,7.0,2.0,12.0,13.0,4.0,3.0,0.0,1.0,0.0,0.0,1
2010-12-29,Liverpool,Wolves,0.0,1.0,A,0.0,0.0,D,P Walton,9.0,7.0,5.0,3.0,8.0,11.0,2.0,8.0,1.0,1.0,0.0,0.0,0
2011-01-01,Liverpool,Bolton,2.0,1.0,H,0.0,1.0,A,K Friend,16.0,10.0,7.0,4.0,11.0,16.0,7.0,4.0,2.0,2.0,0.0,0.0,1
2011-01-16,Liverpool,Everton,2.0,2.0,D,1.0,0.0,H,P Dowd,19.0,10.0,14.0,5.0,16.0,17.0,10.0,6.0,3.0,0.0,0.0,0.0,1
2011-01-26,Liverpool,Fulham,1.0,0.0,H,0.0,0.0,D,L Probert,11.0,12.0,7.0,8.0,11.0,10.0,6.0,2.0,0.0,0.0,0.0,0.0,1
2011-02-02,Liverpool,Stoke,2.0,0.0,H,0.0,0.0,D,A Taylor,13.0,6.0,9.0,1.0,6.0,8.0,7.0,0.0,1.0,4.0,0.0,0.0,1
2011-12-02,Liverpool,Wigan,1.0,1.0,D,1.0,0.0,H,K Friend,13.0,8.0,5.0,2.0,11.0,17.0,8.0,5.0,1.0,3.0,0.0,0.0,1
2011-06-03,Liverpool,Man United,3.0,1.0,H,2.0,0.0,H,P Dowd,17.0,12.0,10.0,7.0,12.0,12.0,6.0,4.0,2.0,3.0,0.0,0.0,1
2011-11-04,Liverpool,Man City,3.0,0.0,H,3.0,0.0,H,M Halsey,15.0,13.0,7.0,4.0,6.0,3.0,6.0,2.0,1.0,0.0,0.0,0.0,1
2011-04-23,Liverpool,Birmingham,5.0,0.0,H,2.0,0.0,H,H Webb,17.0,10.0,13.0,6.0,7.0,12.0,5.0,2.0,1.0,0.0,0.0,0.0,1
2011-01-05,Liverpool,Newcastle,3.0,0.0,H,1.0,0.0,H,P Walton,9.0,7.0,5.0,3.0,15.0,10.0,3.0,12.0,1.0,2.0,0.0,0.0,1
2011-05-15,Liverpool,Tottenham,0.0,2.0,A,0.0,1.0,A,H Webb,10.0,8.0,2.0,4.0,13.0,7.0,11.0,5.0,2.0,1.0,0.0,0.0,0
2011-08-13,Liverpool,Sunderland,1.0,1.0,D,1.0,0.0,H,P Dowd,11.0,15.0,4.0,6.0,17.0,12.0,6.0,3.0,4.0,4.0,0.0,0.0,1
2011-08-27,Liverpool,Bolton,3.0,1.0,H,1.0,0.0,H,L Probert,17.0,7.0,9.0,4.0,5.0,7.0,12.0,6.0,0.0,2.0,0.0,0.0,1
2011-09-24,Liverpool,Wolves,2.0,1.0,H,2.0,0.0,H,K Friend,14.0,11.0,6.0,6.0,15.0,6.0,7.0,2.0,3.0,4.0,0.0,0.0,1
2011-10-15,Liverpool,Man United,1.0,1.0,D,0.0,0.0,D,A Marriner,14.0,10.0,8.0,3.0,8.0,11.0,8.0,3.0,1.0,3.0,0.0,0.0,1
2011-10-22,Liverpool,Norwich,1.0,1.0,D,1.0,0.0,H,P Walton,25.0,12.0,15.0,10.0,6.0,8.0,10.0,3.0,0.0,1.0,0.0,0.0,1
2011-05-11,Liverpool,Swansea,0.0,0.0,D,0.0,0.0,D,P Dowd,18.0,9.0,10.0,3.0,13.0,5.0,11.0,4.0,2.0,1.0,0.0,0.0,1
2011-11-27,Liverpool,Man City,1.0,1.0,D,1.0,1.0,D,M Atkinson,17.0,7.0,9.0,3.0,11.0,13.0,8.0,5.0,1.0,4.0,0.0,1.0,1
2011-10-12,Liverpool,QPR,1.0,0.0,H,0.0,0.0,D,L Mason,21.0,6.0,15.0,2.0,12.0,5.0,17.0,5.0,2.0,0.0,0.0,0.0,1
2011-12-26,Liverpool,Blackburn,1.0,1.0,D,0.0,1.0,A,M Jones,28.0,5.0,13.0,2.0,5.0,15.0,9.0,2.0,1.0,0.0,0.0,0.0,1
2011-12-30,Liverpool,Newcastle,3.0,1.0,H,1.0,1.0,D,L Probert,15.0,5.0,7.0,2.0,7.0,11.0,7.0,0.0,0.0,2.0,0.0,0.0,1
2012-01-14,Liverpool,Stoke,0.0,0.0,D,0.0,0.0,D,H Webb,13.0,3.0,5.0,1.0,6.0,11.0,11.0,1.0,0.0,3.0,0.0,0.0,1
2012-06-02,Liverpool,Tottenham,0.0,0.0,D,0.0,0.0,D,M Oliver,15.0,9.0,10.0,6.0,6.0,11.0,7.0,4.0,2.0,2.0,0.0,0.0,1
2012-03-03,Liverpool,Arsenal,1.0,2.0,A,1.0,1.0,D,M Halsey,12.0,10.0,4.0,7.0,11.0,9.0,12.0,0.0,0.0,1.0,0.0,0.0,0
2012-03-13,Liverpool,Everton,3.0,0.0,H,1.0,0.0,H,P Dowd,15.0,5.0,10.0,3.0,6.0,7.0,4.0,4.0,1.0,4.0,0.0,0.0,1
2012-03-24,Liverpool,Wigan,1.0,2.0,A,0.0,1.0,A,L Mason,12.0,6.0,9.0,5.0,14.0,10.0,6.0,0.0,1.0,2.0,0.0,0.0,0
2012-07-04,Liverpool,Aston Villa,1.0,1.0,D,0.0,1.0,A,M Oliver,21.0,5.0,5.0,3.0,4.0,9.0,11.0,3.0,1.0,1.0,0.0,0.0,1
2012-04-22,Liverpool,West Brom,0.0,1.0,A,0.0,0.0,D,N Swarbrick,28.0,9.0,12.0,4.0,10.0,8.0,15.0,3.0,2.0,0.0,0.0,0.0,0
2012-01-05,Liverpool,Fulham,0.0,1.0,A,0.0,1.0,A,L Probert,18.0,7.0,5.0,4.0,11.0,7.0,5.0,4.0,0.0,0.0,0.0,0.0,0
2012-08-05,Liverpool,Chelsea,4.0,1.0,H,3.0,0.0,H,K Friend,23.0,9.0,13.0,5.0,15.0,13.0,7.0,4.0,2.0,4.0,0.0,0.0,1
2012-08-26,Liverpool,Man City,2.0,2.0,D,1.0,0.0,H,A Marriner,15.0,11.0,8.0,5.0,10.0,7.0,4.0,4.0,1.0,0.0,0.0,0.0,1
2012-02-09,Liverpool,Arsenal,0.0,2.0,A,0.0,1.0,A,H Webb,17.0,11.0,8.0,7.0,12.0,7.0,10.0,2.0,2.0,2.0,0.0,0.0,0
2012-09-23,Liverpool,Man United,1.0,2.0,A,0.0,0.0,D,M Halsey,13.0,8.0,8.0,4.0,14.0,7.0,7.0,3.0,1.0,2.0,1.0,0.0,0
2012-07-10,Liverpool,Stoke,0.0,0.0,D,0.0,0.0,D,L Mason,16.0,5.0,5.0,3.0,9.0,16.0,5.0,5.0,0.0,6.0,0.0,0.0,1
2012-10-20,Liverpool,Reading,1.0,0.0,H,1.0,0.0,H,R East,23.0,8.0,13.0,5.0,13.0,6.0,6.0,5.0,1.0,1.0,0.0,0.0,1
2012-04-11,Liverpool,Newcastle,1.0,1.0,D,0.0,1.0,A,A Taylor,20.0,10.0,12.0,3.0,10.0,13.0,14.0,3.0,0.0,1.0,0.0,1.0,1
2012-11-17,Liverpool,Wigan,3.0,0.0,H,0.0,0.0,D,K Friend,22.0,9.0,11.0,3.0,9.0,11.0,10.0,5.0,0.0,3.0,0.0,0.0,1
2012-01-12,Liverpool,Southampton,1.0,0.0,H,1.0,0.0,H,M Oliver,24.0,8.0,11.0,4.0,10.0,8.0,10.0,4.0,2.0,0.0,0.0,0.0,1
2012-12-15,Liverpool,Aston Villa,1.0,3.0,A,0.0,2.0,A,N Swarbrick,26.0,9.0,17.0,6.0,4.0,11.0,7.0,2.0,1.0,2.0,0.0,0.0,0
2012-12-22,Liverpool,Fulham,4.0,0.0,H,2.0,0.0,H,M Clattenburg,22.0,7.0,12.0,6.0,13.0,6.0,8.0,2.0,1.0,2.0,0.0,0.0,1
2013-02-01,Liverpool,Sunderland,3.0,0.0,H,2.0,0.0,H,P Dowd,27.0,6.0,16.0,5.0,8.0,5.0,9.0,5.0,0.0,1.0,0.0,0.0,1
2013-01-19,Liverpool,Norwich,5.0,0.0,H,2.0,0.0,H,M Oliver,17.0,5.0,10.0,3.0,10.0,8.0,10.0,4.0,1.0,1.0,0.0,0.0,1
2013-11-02,Liverpool,West Brom,0.0,2.0,A,0.0,0.0,D,J Moss,23.0,4.0,14.0,3.0,9.0,9.0,13.0,5.0,1.0,4.0,0.0,0.0,0
2013-02-17,Liverpool,Swansea,5.0,0.0,H,1.0,0.0,H,H Webb,33.0,4.0,18.0,3.0,6.0,9.0,10.0,1.0,0.0,1.0,0.0,0.0,1
2013-10-03,Liverpool,Tottenham,3.0,2.0,H,1.0,1.0,D,M Oliver,10.0,15.0,4.0,9.0,9.0,8.0,1.0,4.0,1.0,1.0,0.0,0.0,1
2013-07-04,Liverpool,West Ham,0.0,0.0,D,0.0,0.0,D,A Taylor,19.0,10.0,12.0,4.0,8.0,4.0,12.0,2.0,0.0,1.0,0.0,0.0,1
2013-04-21,Liverpool,Chelsea,2.0,2.0,D,0.0,1.0,A,K Friend,23.0,9.0,12.0,6.0,8.0,11.0,8.0,5.0,5.0,2.0,0.0,0.0,1
2013-05-05,Liverpool,Everton,0.0,0.0,D,0.0,0.0,D,M Oliver,16.0,11.0,8.0,4.0,10.0,10.0,3.0,5.0,1.0,2.0,0.0,0.0,1
2013-05-19,Liverpool,QPR,1.0,0.0,H,1.0,0.0,H,M Atkinson,27.0,10.0,20.0,3.0,7.0,3.0,14.0,0.0,1.0,3.0,0.0,0.0,1
2013-08-17,Liverpool,Stoke,1.0,0.0,H,1.0,0.0,H,M Atkinson,26.0,10.0,11.0,4.0,11.0,11.0,12.0,6.0,1.0,1.0,0.0,0.0,1
2013-01-09,Liverpool,Man United,1.0,0.0,H,1.0,0.0,H,A Marriner,10.0,10.0,5.0,4.0,15.0,15.0,2.0,7.0,2.0,4.0,0.0,0.0,1
2013-09-21,Liverpool,Southampton,0.0,1.0,A,0.0,0.0,D,N Swarbrick,10.0,12.0,5.0,7.0,6.0,9.0,6.0,6.0,0.0,1.0,0.0,0.0,0
2013-05-10,Liverpool,Crystal Palace,3.0,1.0,H,3.0,0.0,H,A Taylor,13.0,11.0,7.0,2.0,11.0,6.0,11.0,3.0,2.0,1.0,0.0,0.0,1
2013-10-26,Liverpool,West Brom,4.0,1.0,H,2.0,0.0,H,J Moss,18.0,15.0,7.0,3.0,14.0,11.0,3.0,9.0,0.0,2.0,0.0,0.0,1
2013-09-11,Liverpool,Fulham,4.0,0.0,H,3.0,0.0,H,M Jones,32.0,4.0,10.0,1.0,13.0,9.0,9.0,3.0,0.0,1.0,0.0,0.0,1
2013-04-12,Liverpool,Norwich,5.0,1.0,H,3.0,0.0,H,A Taylor,28.0,14.0,12.0,5.0,10.0,6.0,4.0,0.0,3.0,1.0,0.0,0.0,1
2013-07-12,Liverpool,West Ham,4.0,1.0,H,1.0,0.0,H,M Oliver,32.0,8.0,9.0,1.0,9.0,12.0,8.0,4.0,0.0,3.0,0.0,1.0,1
2013-12-21,Liverpool,Cardiff,3.0,1.0,H,3.0,0.0,H,L Probert,27.0,10.0,7.0,3.0,11.0,13.0,9.0,5.0,2.0,0.0,0.0,0.0,1
2014-01-01,Liverpool,Hull,2.0,0.0,H,1.0,0.0,H,C Pawson,17.0,10.0,6.0,0.0,15.0,15.0,3.0,4.0,1.0,2.0,0.0,0.0,1
2014-01-18,Liverpool,Aston Villa,2.0,2.0,D,1.0,2.0,A,J Moss,14.0,12.0,6.0,3.0,14.0,18.0,2.0,3.0,1.0,4.0,0.0,0.0,1
2014-01-28,Liverpool,Everton,4.0,0.0,H,3.0,0.0,H,M Atkinson,20.0,18.0,9.0,4.0,11.0,13.0,5.0,8.0,0.0,3.0,0.0,0.0,1
2014-08-02,Liverpool,Arsenal,5.0,1.0,H,4.0,0.0,H,M Oliver,22.0,11.0,12.0,6.0,14.0,14.0,6.0,6.0,1.0,2.0,0.0,0.0,1
2014-02-23,Liverpool,Swansea,4.0,3.0,H,3.0,2.0,H,M Jones,21.0,14.0,10.0,5.0,9.0,11.0,3.0,5.0,1.0,0.0,0.0,0.0,1
2014-03-26,Liverpool,Sunderland,2.0,1.0,H,1.0,0.0,H,K Friend,21.0,12.0,7.0,4.0,5.0,15.0,3.0,4.0,0.0,2.0,0.0,0.0,1
2014-03-30,Liverpool,Tottenham,4.0,0.0,H,2.0,0.0,H,P Dowd,11.0,15.0,5.0,4.0,9.0,9.0,5.0,7.0,0.0,2.0,0.0,0.0,1
2014-04-13,Liverpool,Man City,3.0,2.0,H,2.0,0.0,H,M Clattenburg,10.0,13.0,4.0,5.0,7.0,9.0,7.0,7.0,1.0,3.0,1.0,0.0,1
2014-04-27,Liverpool,Chelsea,0.0,2.0,A,0.0,1.0,A,M Atkinson,26.0,11.0,8.0,4.0,9.0,7.0,14.0,3.0,0.0,4.0,0.0,0.0,0
2014-11-05,Liverpool,Newcastle,2.0,1.0,H,0.0,1.0,A,P Dowd,13.0,8.0,5.0,2.0,8.0,16.0,6.0,2.0,1.0,3.0,0.0,2.0,1
2014-08-17,Liverpool,Southampton,2.0,1.0,H,1.0,0.0,H,M Clattenburg,12.0,12.0,5.0,6.0,8.0,11.0,2.0,6.0,1.0,2.0,0.0,0.0,1
2014-09-13,Liverpool,Aston Villa,0.0,1.0,A,0.0,1.0,A,L Mason,18.0,5.0,1.0,1.0,9.0,10.0,7.0,6.0,2.0,1.0,0.0,0.0,0
2014-09-27,Liverpool,Everton,1.0,1.0,D,0.0,0.0,D,M Atkinson,24.0,11.0,8.0,5.0,8.0,9.0,8.0,2.0,2.0,1.0,0.0,0.0,1
2014-04-10,Liverpool,West Brom,2.0,1.0,H,1.0,0.0,H,M Oliver,19.0,8.0,7.0,4.0,12.0,15.0,5.0,5.0,2.0,2.0,0.0,0.0,1
2014-10-25,Liverpool,Hull,0.0,0.0,D,0.0,0.0,D,N Swarbrick,17.0,6.0,4.0,3.0,12.0,17.0,14.0,1.0,3.0,2.0,0.0,0.0,1
2014-08-11,Liverpool,Chelsea,1.0,2.0,A,1.0,1.0,D,A Taylor,12.0,15.0,4.0,5.0,9.0,12.0,5.0,7.0,2.0,5.0,0.0,0.0,0
2014-11-29,Liverpool,Stoke,1.0,0.0,H,0.0,0.0,D,C Pawson,16.0,13.0,3.0,4.0,11.0,9.0,5.0,5.0,0.0,3.0,0.0,0.0,1
2014-06-12,Liverpool,Sunderland,0.0,0.0,D,0.0,0.0,D,N Swarbrick,15.0,7.0,2.0,1.0,12.0,15.0,5.0,7.0,1.0,3.0,0.0,0.0,1
2014-12-21,Liverpool,Arsenal,2.0,2.0,D,1.0,1.0,D,M Oliver,27.0,7.0,10.0,3.0,6.0,14.0,10.0,6.0,0.0,3.0,1.0,0.0,1
2014-12-29,Liverpool,Swansea,4.0,1.0,H,1.0,0.0,H,A Marriner,21.0,11.0,11.0,4.0,8.0,5.0,6.0,3.0,1.0,0.0,0.0,0.0,1
2015-01-01,Liverpool,Leicester,2.0,2.0,D,2.0,0.0,H,M Jones,18.0,16.0,6.0,3.0,13.0,10.0,4.0,5.0,2.0,2.0,0.0,0.0,1
2015-01-31,Liverpool,West Ham,2.0,0.0,H,0.0,0.0,D,A Marriner,21.0,7.0,7.0,2.0,12.0,12.0,5.0,7.0,1.0,1.0,0.0,0.0,1
2015-10-02,Liverpool,Tottenham,3.0,2.0,H,1.0,1.0,D,P Dowd,16.0,14.0,7.0,5.0,13.0,17.0,5.0,7.0,3.0,6.0,0.0,0.0,1
2015-01-03,Liverpool,Man City,2.0,1.0,H,1.0,1.0,D,M Clattenburg,11.0,8.0,5.0,1.0,8.0,16.0,3.0,0.0,1.0,3.0,0.0,0.0,1
2015-04-03,Liverpool,Burnley,2.0,0.0,H,1.0,0.0,H,L Mason,20.0,9.0,8.0,1.0,8.0,14.0,6.0,5.0,0.0,1.0,0.0,0.0,1
2015-03-22,Liverpool,Man United,1.0,2.0,A,0.0,1.0,A,M Atkinson,7.0,6.0,1.0,4.0,14.0,17.0,2.0,3.0,2.0,2.0,1.0,0.0,0
2015-04-13,Liverpool,Newcastle,2.0,0.0,H,1.0,0.0,H,L Mason,14.0,10.0,6.0,3.0,8.0,17.0,6.0,6.0,2.0,0.0,0.0,1.0,1
2015-02-05,Liverpool,QPR,2.0,1.0,H,1.0,0.0,H,M Atkinson,25.0,10.0,8.0,2.0,9.0,18.0,9.0,6.0,2.0,3.0,0.0,1.0,1
2015-05-16,Liverpool,Crystal Palace,1.0,3.0,A,1.0,1.0,D,J Moss,18.0,15.0,3.0,6.0,10.0,17.0,4.0,5.0,2.0,3.0,0.0,0.0,0
2015-08-17,Liverpool,Bournemouth,1.0,0.0,H,1.0,0.0,H,C Pawson,18.0,13.0,2.0,2.0,11.0,18.0,6.0,8.0,1.0,4.0,0.0,0.0,1
2015-08-29,Liverpool,West Ham,0.0,3.0,A,0.0,2.0,A,K Friend,13.0,12.0,1.0,5.0,17.0,11.0,5.0,7.0,3.0,1.0,1.0,1.0,0
2015-09-20,Liverpool,Norwich,1.0,1.0,D,0.0,0.0,D,A Taylor,23.0,7.0,7.0,2.0,4.0,13.0,6.0,2.0,1.0,2.0,0.0,0.0,1
2015-09-26,Liverpool,Aston Villa,3.0,2.0,H,1.0,0.0,H,J Moss,21.0,10.0,12.0,4.0,8.0,13.0,11.0,1.0,0.0,0.0,0.0,0.0,1
2015-10-25,Liverpool,Southampton,1.0,1.0,D,0.0,0.0,D,A Marriner,15.0,8.0,2.0,3.0,8.0,11.0,10.0,7.0,1.0,0.0,0.0,1.0,1
2015-08-11,Liverpool,Crystal Palace,1.0,2.0,A,1.0,1.0,D,N Swarbrick,22.0,9.0,4.0,4.0,7.0,6.0,14.0,6.0,1.0,2.0,0.0,0.0,0
2015-11-29,Liverpool,Swansea,1.0,0.0,H,0.0,0.0,D,A Taylor,10.0,8.0,2.0,0.0,12.0,6.0,8.0,7.0,3.0,1.0,0.0,0.0,1
2015-12-13,Liverpool,West Brom,2.0,2.0,D,1.0,1.0,D,C Pawson,28.0,4.0,8.0,2.0,7.0,10.0,4.0,4.0,0.0,0.0,0.0,0.0,1
2015-12-26,Liverpool,Leicester,1.0,0.0,H,0.0,0.0,D,M Atkinson,25.0,7.0,4.0,3.0,11.0,8.0,7.0,6.0,2.0,1.0,0.0,0.0,1
2016-01-13,Liverpool,Arsenal,3.0,3.0,D,2.0,2.0,D,M Jones,22.0,14.0,6.0,5.0,9.0,7.0,9.0,3.0,2.0,0.0,0.0,0.0,1
2016-01-17,Liverpool,Man United,0.0,1.0,A,0.0,0.0,D,M Clattenburg,19.0,7.0,4.0,1.0,6.0,18.0,5.0,4.0,0.0,2.0,0.0,0.0,0
2016-06-02,Liverpool,Sunderland,2.0,2.0,D,0.0,0.0,D,R Madley,16.0,7.0,5.0,2.0,4.0,12.0,7.0,2.0,1.0,1.0,0.0,0.0,1
2016-02-03,Liverpool,Man City,3.0,0.0,H,2.0,0.0,H,M Atkinson,11.0,4.0,7.0,2.0,14.0,14.0,3.0,2.0,0.0,1.0,0.0,0.0,1
2016-02-04,Liverpool,Tottenham,1.0,1.0,D,0.0,0.0,D,J Moss,15.0,18.0,7.0,5.0,11.0,11.0,12.0,9.0,2.0,0.0,0.0,0.0,1
2016-10-04,Liverpool,Stoke,4.0,1.0,H,2.0,1.0,H,M Clattenburg,14.0,10.0,6.0,3.0,14.0,14.0,6.0,3.0,0.0,2.0,0.0,0.0,1
2016-04-20,Liverpool,Everton,4.0,0.0,H,2.0,0.0,H,R Madley,37.0,3.0,13.0,0.0,8.0,11.0,9.0,1.0,1.0,1.0,0.0,1.0,1
2016-04-23,Liverpool,Newcastle,2.0,2.0,D,2.0,0.0,H,A Marriner,13.0,6.0,4.0,3.0,8.0,17.0,5.0,4.0,1.0,1.0,0.0,0.0,1
2016-08-05,Liverpool,Watford,2.0,0.0,H,1.0,0.0,H,L Mason,19.0,14.0,5.0,3.0,10.0,15.0,8.0,8.0,1.0,2.0,0.0,0.0,1
2016-11-05,Liverpool,Chelsea,1.0,1.0,D,0.0,1.0,A,M Oliver,28.0,13.0,9.0,7.0,11.0,12.0,7.0,3.0,3.0,1.0,0.0,0.0,1
2016-10-09,Liverpool,Leicester,4.0,1.0,H,2.0,1.0,H,C Pawson,17.0,12.0,11.0,3.0,4.0,8.0,1.0,7.0,1.0,2.0,0.0,0.0,1
2016-09-24,Liverpool,Hull,5.0,1.0,H,3.0,0.0,H,A Marriner,32.0,2.0,12.0,1.0,8.0,8.0,13.0,2.0,1.0,2.0,0.0,1.0,1
2016-10-17,Liverpool,Man United,0.0,0.0,D,0.0,0.0,D,A Taylor,9.0,7.0,3.0,1.0,14.0,20.0,3.0,1.0,0.0,4.0,0.0,0.0,1
2016-10-22,Liverpool,West Brom,2.0,1.0,H,2.0,0.0,H,N Swarbrick,21.0,6.0,7.0,1.0,9.0,13.0,3.0,2.0,1.0,3.0,0.0,0.0,1
2016-06-11,Liverpool,Watford,6.0,1.0,H,3.0,0.0,H,M Oliver,28.0,11.0,17.0,8.0,14.0,10.0,6.0,3.0,1.0,2.0,0.0,0.0,1
2016-11-26,Liverpool,Sunderland,2.0,0.0,H,0.0,0.0,D,A Taylor,27.0,6.0,7.0,1.0,5.0,9.0,9.0,4.0,1.0,3.0,0.0,0.0,1
2016-11-12,Liverpool,West Ham,2.0,2.0,D,1.0,2.0,A,M Clattenburg,18.0,7.0,3.0,3.0,7.0,8.0,11.0,4.0,2.0,0.0,0.0,0.0,1
2016-12-27,Liverpool,Stoke,4.0,1.0,H,2.0,1.0,H,M Oliver,20.0,6.0,6.0,2.0,9.0,6.0,8.0,2.0,0.0,1.0,0.0,0.0,1
2016-12-31,Liverpool,Man City,1.0,0.0,H,1.0,0.0,H,C Pawson,5.0,9.0,1.0,2.0,12.0,12.0,4.0,6.0,2.0,1.0,0.0,0.0,1
2017-01-21,Liverpool,Swansea,2.0,3.0,A,0.0,0.0,D,K Friend,16.0,6.0,5.0,3.0,7.0,7.0,6.0,3.0,1.0,1.0,0.0,0.0,0
2017-01-31,Liverpool,Chelsea,1.0,1.0,D,0.0,1.0,A,M Clattenburg,7.0,8.0,3.0,2.0,13.0,8.0,3.0,3.0,2.0,1.0,0.0,0.0,1
2017-11-02,Liverpool,Tottenham,2.0,0.0,H,2.0,0.0,H,A Taylor,17.0,7.0,9.0,2.0,14.0,14.0,10.0,3.0,3.0,4.0,0.0,0.0,1
2017-04-03,Liverpool,Arsenal,3.0,1.0,H,2.0,0.0,H,R Madley,18.0,7.0,7.0,3.0,8.0,15.0,9.0,3.0,1.0,2.0,0.0,0.0,1
2017-12-03,Liverpool,Burnley,2.0,1.0,H,1.0,1.0,D,C Pawson,10.0,11.0,3.0,1.0,12.0,16.0,11.0,1.0,2.0,2.0,0.0,0.0,1
2017-01-04,Liverpool,Everton,3.0,1.0,H,2.0,1.0,H,A Taylor,10.0,9.0,6.0,4.0,17.0,10.0,2.0,3.0,1.0,3.0,0.0,0.0,1
2017-05-04,Liverpool,Bournemouth,2.0,2.0,D,1.0,1.0,D,L Mason,20.0,7.0,8.0,2.0,11.0,8.0,7.0,2.0,1.0,1.0,0.0,0.0,1
2017-04-23,Liverpool,Crystal Palace,1.0,2.0,A,1.0,1.0,D,A Marriner,14.0,7.0,1.0,3.0,8.0,10.0,4.0,3.0,1.0,2.0,0.0,0.0,0
2017-07-05,Liverpool,Southampton,0.0,0.0,D,0.0,0.0,D,R Madley,17.0,4.0,8.0,0.0,9.0,4.0,3.0,6.0,1.0,3.0,0.0,0.0,1
2017-05-21,Liverpool,Middlesbrough,3.0,0.0,H,1.0,0.0,H,M Atkinson,25.0,9.0,10.0,3.0,13.0,8.0,3.0,3.0,0.0,1.0,0.0,0.0,1
2017-08-19,Liverpool,Crystal Palace,1.0,0.0,H,0.0,0.0,D,K Friend,23.0,4.0,13.0,1.0,12.0,13.0,4.0,2.0,1.0,3.0,0.0,0.0,1
2017-08-27,Liverpool,Arsenal,4.0,0.0,H,2.0,0.0,H,C Pawson,18.0,8.0,10.0,0.0,6.0,9.0,4.0,3.0,2.0,4.0,0.0,0.0,1
2017-09-16,Liverpool,Burnley,1.0,1.0,D,1.0,1.0,D,R East,35.0,5.0,9.0,4.0,7.0,9.0,12.0,2.0,1.0,2.0,0.0,0.0,1
2017-10-14,Liverpool,Man United,0.0,0.0,D,0.0,0.0,D,M Atkinson,19.0,6.0,5.0,1.0,7.0,13.0,7.0,3.0,0.0,2.0,0.0,0.0,1
2017-10-28,Liverpool,Huddersfield,3.0,0.0,H,0.0,0.0,D,K Friend,16.0,1.0,8.0,0.0,10.0,8.0,9.0,2.0,0.0,1.0,0.0,0.0,1
2017-11-18,Liverpool,Southampton,3.0,0.0,H,2.0,0.0,H,M Jones,21.0,5.0,8.0,0.0,15.0,9.0,10.0,2.0,1.0,1.0,0.0,0.0,1
2017-11-25,Liverpool,Chelsea,1.0,1.0,D,0.0,0.0,D,M Oliver,16.0,11.0,4.0,3.0,10.0,7.0,7.0,8.0,0.0,0.0,0.0,0.0,1
2017-10-12,Liverpool,Everton,1.0,1.0,D,1.0,0.0,H,C Pawson,23.0,3.0,3.0,2.0,8.0,11.0,12.0,1.0,1.0,3.0,0.0,0.0,1
2017-12-13,Liverpool,West Brom,0.0,0.0,D,0.0,0.0,D,P Tierney,14.0,6.0,5.0,1.0,16.0,6.0,5.0,7.0,1.0,0.0,0.0,0.0,1
2017-12-26,Liverpool,Swansea,5.0,0.0,H,1.0,0.0,H,K Friend,22.0,7.0,9.0,4.0,5.0,8.0,4.0,2.0,0.0,1.0,0.0,0.0,1
2017-12-30,Liverpool,Leicester,2.0,1.0,H,0.0,1.0,A,N Swarbrick,17.0,7.0,6.0,1.0,7.0,3.0,7.0,1.0,3.0,2.0,0.0,0.0,1
2018-01-14,Liverpool,Man City,4.0,3.0,H,1.0,1.0,D,A Marriner,16.0,11.0,7.0,4.0,10.0,7.0,5.0,6.0,2.0,3.0,0.0,0.0,1
2018-04-02,Liverpool,Tottenham,2.0,2.0,D,1.0,0.0,H,J Moss,9.0,13.0,3.0,6.0,15.0,9.0,3.0,7.0,3.0,1.0,0.0,0.0,1
2018-02-24,Liverpool,West Ham,4.0,1.0,H,1.0,0.0,H,S Attwell,21.0,7.0,12.0,4.0,7.0,7.0,8.0,2.0,0.0,2.0,0.0,0.0,1
2018-03-03,Liverpool,Newcastle,2.0,0.0,H,1.0,0.0,H,G Scott,14.0,7.0,3.0,2.0,7.0,9.0,8.0,3.0,0.0,0.0,0.0,0.0,1
2018-03-17,Liverpool,Watford,5.0,0.0,H,2.0,0.0,H,A Taylor,13.0,4.0,10.0,1.0,5.0,4.0,6.0,1.0,1.0,0.0,0.0,0.0,1
2018-04-14,Liverpool,Bournemouth,3.0,0.0,H,1.0,0.0,H,C Kavanagh,20.0,6.0,7.0,1.0,9.0,9.0,7.0,5.0,1.0,1.0,0.0,0.0,1
2018-04-28,Liverpool,Stoke,0.0,0.0,D,0.0,0.0,D,A Marriner,20.0,5.0,2.0,1.0,7.0,14.0,9.0,2.0,1.0,2.0,0.0,0.0,1
2018-05-13,Liverpool,Brighton,4.0,0.0,H,2.0,0.0,H,K Friend,22.0,2.0,11.0,1.0,3.0,6.0,7.0,3.0,0.0,0.0,0.0,0.0,1
2018-12-08,Liverpool,West Ham,4.0,0.0,H,2.0,0.0,H,A Taylor,18.0,5.0,8.0,2.0,14.0,9.0,5.0,4.0,1.0,2.0,0.0,0.0,1
2018-08-25,Liverpool,Brighton,1.0,0.0,H,1.0,0.0,H,C Kavanagh,22.0,6.0,8.0,2.0,8.0,14.0,8.0,5.0,1.0,1.0,0.0,0.0,1
2018-09-22,Liverpool,Southampton,3.0,0.0,H,3.0,0.0,H,P Tierney,12.0,7.0,4.0,1.0,7.0,10.0,5.0,4.0,0.0,2.0,0.0,0.0,1
2018-07-10,Liverpool,Man City,0.0,0.0,D,0.0,0.0,D,M Atkinson,7.0,6.0,2.0,2.0,10.0,10.0,2.0,6.0,1.0,3.0,0.0,0.0,1
2018-10-27,Liverpool,Cardiff,4.0,1.0,H,1.0,0.0,H,S Attwell,19.0,2.0,7.0,1.0,6.0,4.0,8.0,0.0,0.0,0.0,0.0,0.0,1
2018-11-11,Liverpool,Fulham,2.0,0.0,H,1.0,0.0,H,P Tierney,20.0,8.0,7.0,3.0,11.0,9.0,6.0,3.0,1.0,1.0,0.0,0.0,1
2018-02-12,Liverpool,Everton,1.0,0.0,H,0.0,0.0,D,C Kavanagh,16.0,9.0,3.0,3.0,12.0,7.0,8.0,1.0,3.0,2.0,0.0,0.0,1
2018-12-16,Liverpool,Man United,3.0,1.0,H,1.0,1.0,D,M Atkinson,36.0,6.0,11.0,2.0,6.0,14.0,13.0,2.0,0.0,2.0,0.0,0.0,1
2018-12-26,Liverpool,Newcastle,4.0,0.0,H,1.0,0.0,H,G Scott,16.0,6.0,8.0,2.0,7.0,9.0,10.0,2.0,0.0,0.0,0.0,0.0,1
2018-12-29,Liverpool,Arsenal,5.0,1.0,H,4.0,1.0,H,M Oliver,15.0,8.0,10.0,2.0,8.0,13.0,5.0,3.0,1.0,2.0,0.0,0.0,1
2019-01-19,Liverpool,Crystal Palace,4.0,3.0,H,0.0,1.0,A,J Moss,19.0,9.0,9.0,3.0,6.0,8.0,8.0,3.0,0.0,1.0,1.0,0.0,1
2019-01-30,Liverpool,Leicester,1.0,1.0,D,1.0,1.0,D,M Atkinson,10.0,5.0,3.0,2.0,13.0,6.0,7.0,1.0,1.0,3.0,0.0,0.0,1
2019-09-02,Liverpool,Bournemouth,3.0,0.0,H,2.0,0.0,H,A Taylor,20.0,12.0,9.0,2.0,14.0,6.0,8.0,5.0,2.0,2.0,0.0,0.0,1
2019-02-27,Liverpool,Watford,5.0,0.0,H,2.0,0.0,H,G Scott,19.0,5.0,10.0,3.0,5.0,7.0,6.0,4.0,0.0,2.0,0.0,0.0,1
2019-10-03,Liverpool,Burnley,4.0,2.0,H,2.0,1.0,H,A Marriner,23.0,3.0,5.0,2.0,4.0,7.0,7.0,3.0,2.0,0.0,0.0,0.0,1
2019-03-31,Liverpool,Tottenham,2.0,1.0,H,1.0,0.0,H,M Atkinson,14.0,11.0,3.0,2.0,5.0,8.0,10.0,3.0,0.0,1.0,0.0,0.0,1
2019-04-14,Liverpool,Chelsea,2.0,0.0,H,0.0,0.0,D,M Oliver,15.0,6.0,7.0,3.0,5.0,9.0,9.0,2.0,0.0,1.0,0.0,0.0,1
2019-04-26,Liverpool,Huddersfield,5.0,0.0,H,3.0,0.0,H,K Friend,21.0,5.0,7.0,1.0,5.0,14.0,4.0,4.0,0.0,0.0,0.0,0.0,1
2019-12-05,Liverpool,Wolves,2.0,0.0,H,1.0,0.0,H,M Atkinson,13.0,7.0,5.0,2.0,3.0,11.0,4.0,1.0,0.0,2.0,0.0,0.0,1
2019-09-08,Liverpool,Norwich,4.0,1.0,H,4.0,0.0,H,M Oliver,15.0,12.0,7.0,5.0,9.0,9.0,11.0,2.0,0.0,2.0,0.0,0.0,1
2019-08-24,Liverpool,Arsenal,3.0,1.0,H,1.0,0.0,H,A Taylor,25.0,9.0,5.0,3.0,8.0,5.0,6.0,4.0,1.0,1.0,0.0,0.0,1
2019-09-14,Liverpool,Newcastle,3.0,1.0,H,2.0,1.0,H,A Marriner,21.0,8.0,9.0,1.0,5.0,4.0,10.0,1.0,0.0,0.0,0.0,0.0,1
2019-05-10,Liverpool,Leicester,2.0,1.0,H,1.0,0.0,H,C Kavanagh,18.0,2.0,8.0,1.0,9.0,17.0,4.0,6.0,1.0,4.0,0.0,0.0,1
2019-10-27,Liverpool,Tottenham,2.0,1.0,H,0.0,1.0,A,A Taylor,21.0,11.0,13.0,4.0,9.0,11.0,8.0,3.0,3.0,3.0,0.0,0.0,1
2019-10-11,Liverpool,Man City,3.0,1.0,H,2.0,0.0,H,M Oliver,12.0,18.0,5.0,3.0,10.0,5.0,4.0,13.0,0.0,2.0,0.0,0.0,1
2019-11-30,Liverpool,Brighton,2.0,1.0,H,2.0,0.0,H,M Atkinson,15.0,12.0,7.0,5.0,3.0,10.0,4.0,5.0,0.0,0.0,1.0,0.0,1
2019-04-12,Liverpool,Everton,5.0,2.0,H,4.0,2.0,H,M Dean,11.0,12.0,5.0,4.0,13.0,17.0,5.0,6.0,1.0,2.0,0.0,0.0,1
2019-12-14,Liverpool,Watford,2.0,0.0,H,1.0,0.0,H,A Marriner,16.0,8.0,6.0,2.0,8.0,6.0,6.0,3.0,2.0,1.0,0.0,0.0,1
2019-12-29,Liverpool,Wolves,1.0,0.0,H,1.0,0.0,H,A Taylor,10.0,10.0,3.0,2.0,7.0,3.0,5.0,6.0,1.0,0.0,0.0,0.0,1
2020-02-01,Liverpool,Sheffield United,2.0,0.0,H,1.0,0.0,H,P Tierney,19.0,3.0,7.0,2.0,5.0,8.0,8.0,4.0,0.0,0.0,0.0,0.0,1
2020-01-19,Liverpool,Man United,2.0,0.0,H,1.0,0.0,H,C Pawson,16.0,9.0,5.0,4.0,7.0,10.0,11.0,5.0,1.0,3.0,0.0,0.0,1
2020-01-02,Liverpool,Southampton,4.0,0.0,H,0.0,0.0,D,K Friend,16.0,17.0,9.0,4.0,9.0,15.0,6.0,11.0,0.0,2.0,0.0,0.0,1
2020-02-24,Liverpool,West Ham,3.0,2.0,H,1.0,1.0,D,J Moss,25.0,7.0,7.0,4.0,4.0,10.0,16.0,8.0,0.0,3.0,0.0,0.0,1
2020-07-03,Liverpool,Bournemouth,2.0,1.0,H,2.0,1.0,H,P Tierney,14.0,6.0,6.0,4.0,10.0,12.0,9.0,4.0,0.0,1.0,0.0,0.0,1
2020-06-24,Liverpool,Crystal Palace,4.0,0.0,H,2.0,0.0,H,M Atkinson,21.0,3.0,7.0,0.0,7.0,5.0,6.0,0.0,0.0,0.0,0.0,0.0,1
2020-05-07,Liverpool,Aston Villa,2.0,0.0,H,0.0,0.0,D,P Tierney,6.0,9.0,4.0,3.0,18.0,8.0,7.0,5.0,1.0,1.0,0.0,0.0,1
2020-11-07,Liverpool,Burnley,1.0,1.0,D,1.0,0.0,H,D Coote,23.0,6.0,9.0,2.0,7.0,4.0,12.0,6.0,1.0,2.0,0.0,0.0,1
2020-07-22,Liverpool,Chelsea,5.0,3.0,H,3.0,1.0,H,A Marriner,10.0,10.0,7.0,5.0,8.0,11.0,6.0,0.0,1.0,0.0,0.0,0.0,1
2020-12-09,Liverpool,Leeds,4.0,3.0,H,3.0,2.0,H,M Oliver,22.0,6.0,6.0,3.0,9.0,6.0,9.0,0.0,1.0,0.0,0.0,0.0,1
2020-09-28,Liverpool,Arsenal,3.0,1.0,H,2.0,1.0,H,C Pawson,21.0,4.0,8.0,3.0,11.0,7.0,7.0,3.0,2.0,2.0,0.0,0.0,1
2020-10-24,Liverpool,Sheffield United,2.0,1.0,H,1.0,1.0,D,M Dean,17.0,13.0,5.0,2.0,7.0,15.0,7.0,3.0,0.0,3.0,0.0,0.0,1
2020-10-31,Liverpool,West Ham,2.0,1.0,H,1.0,1.0,D,K Friend,9.0,4.0,5.0,3.0,13.0,14.0,1.0,2.0,0.0,1.0,0.0,0.0,1
2020-11-22,Liverpool,Leicester,3.0,0.0,H,2.0,0.0,H,C Kavanagh,24.0,11.0,13.0,4.0,15.0,6.0,10.0,3.0,0.0,2.0,0.0,0.0,1
2020-06-12,Liverpool,Wolves,4.0,0.0,H,1.0,0.0,H,C Pawson,11.0,9.0,6.0,3.0,8.0,14.0,4.0,6.0,1.0,1.0,0.0,0.0,1
2020-12-16,Liverpool,Tottenham,2.0,1.0,H,1.0,1.0,D,A Taylor,17.0,8.0,11.0,2.0,8.0,9.0,7.0,4.0,0.0,2.0,0.0,0.0,1
2020-12-27,Liverpool,West Brom,1.0,1.0,D,1.0,0.0,H,K Friend,17.0,5.0,2.0,3.0,8.0,5.0,8.0,3.0,0.0,1.0,0.0,0.0,1
2021-01-17,Liverpool,Man United,0.0,0.0,D,0.0,0.0,D,P Tierney,17.0,8.0,3.0,4.0,15.0,6.0,7.0,3.0,2.0,1.0,0.0,0.0,1
2021-01-21,Liverpool,Burnley,0.0,1.0,A,0.0,0.0,D,M Dean,27.0,6.0,6.0,4.0,11.0,8.0,12.0,0.0,2.0,1.0,0.0,0.0,0
2021-03-02,Liverpool,Brighton,0.0,1.0,A,0.0,0.0,D,K Friend,11.0,13.0,1.0,4.0,12.0,6.0,6.0,3.0,1.0,0.0,0.0,0.0,0
2021-07-02,Liverpool,Man City,1.0,4.0,A,0.0,0.0,D,M Oliver,8.0,8.0,3.0,5.0,13.0,8.0,6.0,1.0,2.0,1.0,0.0,0.0,0
2021-02-20,Liverpool,Everton,0.0,2.0,A,0.0,1.0,A,C Kavanagh,15.0,9.0,6.0,6.0,10.0,10.0,7.0,2.0,2.0,1.0,0.0,0.0,0
2021-04-03,Liverpool,Chelsea,0.0,1.0,A,0.0,1.0,A,M Atkinson,7.0,11.0,1.0,5.0,9.0,8.0,5.0,2.0,0.0,0.0,0.0,0.0,0
2021-07-03,Liverpool,Fulham,0.0,1.0,A,0.0,1.0,A,K Friend,16.0,10.0,3.0,3.0,10.0,8.0,9.0,4.0,2.0,3.0,0.0,0.0,0
2021-10-04,Liverpool,Aston Villa,2.0,1.0,H,0.0,1.0,A,P Tierney,23.0,9.0,10.0,5.0,16.0,11.0,7.0,0.0,2.0,4.0,0.0,0.0,1
2021-04-24,Liverpool,Newcastle,1.0,1.0,D,1.0,0.0,H,A Marriner,22.0,7.0,9.0,4.0,9.0,7.0,6.0,3.0,2.0,1.0,0.0,0.0,1
2021-08-05,Liverpool,Southampton,2.0,0.0,H,1.0,0.0,H,K Friend,14.0,12.0,6.0,6.0,10.0,6.0,8.0,4.0,0.0,1.0,0.0,0.0,1
2021-05-23,Liverpool,Crystal Palace,2.0,0.0,H,1.0,0.0,H,C Pawson,19.0,5.0,5.0,4.0,10.0,8.0,14.0,1.0,2.0,2.0,0.0,0.0,1
2021-08-21,Liverpool,Burnley,2.0,0.0,H,1.0,0.0,H,M Dean,27.0,9.0,9.0,3.0,6.0,12.0,8.0,4.0,0.0,0.0,0.0,0.0,1
2021-08-28,Liverpool,Chelsea,1.0,1.0,D,1.0,1.0,D,A Taylor,24.0,6.0,7.0,3.0,13.0,4.0,12.0,3.0,0.0,2.0,0.0,1.0,1
2021-09-18,Liverpool,Crystal Palace,3.0,0.0,H,1.0,0.0,H,A Madley,25.0,13.0,10.0,2.0,17.0,11.0,10.0,5.0,3.0,1.0,0.0,0.0,1
2021-03-10,Liverpool,Man City,2.0,2.0,D,0.0,0.0,D,P Tierney,6.0,12.0,4.0,3.0,10.0,12.0,3.0,4.0,3.0,3.0,0.0,0.0,1
2021-10-30,Liverpool,Brighton,2.0,2.0,D,2.0,1.0,H,M Dean,14.0,9.0,3.0,6.0,8.0,5.0,5.0,3.0,2.0,2.0,0.0,0.0,1
2021-11-20,Liverpool,Arsenal,4.0,0.0,H,1.0,0.0,H,M Oliver,19.0,5.0,9.0,3.0,15.0,12.0,6.0,1.0,2.0,0.0,0.0,0.0,1
2021-11-27,Liverpool,Southampton,4.0,0.0,H,3.0,0.0,H,A Marriner,20.0,7.0,6.0,3.0,7.0,14.0,5.0,7.0,0.0,1.0,0.0,0.0,1
2021-11-12,Liverpool,Aston Villa,1.0,0.0,H,0.0,0.0,D,S Attwell,20.0,4.0,5.0,0.0,13.0,6.0,11.0,3.0,1.0,2.0,0.0,0.0,1
2021-12-16,Liverpool,Newcastle,3.0,1.0,H,2.0,1.0,H,M Dean,23.0,4.0,8.0,2.0,9.0,4.0,11.0,0.0,1.0,3.0,0.0,0.0,1
2022-01-16,Liverpool,Brentford,3.0,0.0,H,1.0,0.0,H,J Moss,27.0,6.0,13.0,1.0,6.0,6.0,9.0,0.0,0.0,1.0,0.0,0.0,1
2022-10-02,Liverpool,Leicester,2.0,0.0,H,1.0,0.0,H,C Kavanagh,22.0,5.0,11.0,1.0,11.0,7.0,7.0,6.0,1.0,0.0,0.0,0.0,1
2022-02-19,Liverpool,Norwich,3.0,1.0,H,0.0,0.0,D,M Dean,29.0,6.0,8.0,1.0,7.0,8.0,9.0,4.0,0.0,1.0,0.0,0.0,1
